roomID,accountID,value,likeTime
14,A788,NO COMMENT,21:00
1,A58,NO COMMENT,6:47
11,A112,LIKE,6:12
5,A124,UNLIKE,7:49
4,A690,UNLIKE,3:01
5,A974,UNLIKE,9:06
7,A810,NO COMMENT,21:47
7,A1020,NO COMMENT,1:09
2,A88,NO COMMENT,8:39
9,A570,LIKE,23:58
15,A209,LIKE,12:57
10,A209,LIKE,20:26
13,A111,NO COMMENT,14:49
2,A76,LIKE,21:51
3,A633,NO COMMENT,20:45
9,A165,NO COMMENT,11:37
11,A268,UNLIKE,20:36
11,A191,UNLIKE,1:46
3,A485,UNLIKE,22:06
2,A149,NO COMMENT,1:11
13,A1020,LIKE,20:03
14,A125,NO COMMENT,13:50
12,A464,NO COMMENT,21:12
6,A854,LIKE,18:54
9,A263,NO COMMENT,8:06
6,A884,UNLIKE,3:44
2,A741,LIKE,3:38
8,A307,NO COMMENT,7:20
15,A973,NO COMMENT,9:51
8,A1016,LIKE,21:43
4,A116,NO COMMENT,16:37
11,A852,UNLIKE,17:06
15,A275,UNLIKE,22:03
15,A257,LIKE,7:28
1,A851,NO COMMENT,3:22
12,A827,NO COMMENT,6:52
14,A362,NO COMMENT,6:45
7,A557,UNLIKE,14:16
8,A71,LIKE,18:47
15,A225,LIKE,22:08
8,A203,NO COMMENT,11:18
15,A713,LIKE,2:58
4,A1039,UNLIKE,18:23
10,A317,NO COMMENT,17:19
1,A946,NO COMMENT,7:40
8,A863,UNLIKE,23:44
3,A222,UNLIKE,10:34
11,A1009,LIKE,22:06
14,A268,UNLIKE,6:32
14,A223,LIKE,23:30
1,A119,LIKE,23:48
5,A285,NO COMMENT,18:57
10,A775,NO COMMENT,18:39
15,A453,NO COMMENT,16:48
5,A492,LIKE,19:00
4,A592,NO COMMENT,1:38
11,A971,NO COMMENT,16:22
12,A570,UNLIKE,13:10
9,A428,LIKE,13:10
5,A42,LIKE,6:15
14,A190,LIKE,18:43
8,A242,LIKE,7:50
9,A147,NO COMMENT,19:33
7,A851,UNLIKE,13:53
9,A425,NO COMMENT,9:25
8,A373,NO COMMENT,8:58
15,A887,LIKE,20:16
1,A74,LIKE,18:13
6,A173,UNLIKE,3:16
13,A45,UNLIKE,8:43
3,A334,UNLIKE,14:21
12,A397,LIKE,2:44
2,A725,NO COMMENT,11:35
7,A804,NO COMMENT,19:38
15,A741,NO COMMENT,4:57
12,A773,LIKE,22:45
14,A621,UNLIKE,15:38
10,A137,UNLIKE,9:03
2,A57,UNLIKE,0:32
13,A539,LIKE,11:12
6,A794,LIKE,21:08
15,A454,LIKE,11:02
12,A476,NO COMMENT,21:08
1,A88,NO COMMENT,17:48
15,A291,NO COMMENT,8:56
9,A303,NO COMMENT,19:41
8,A773,NO COMMENT,22:20
10,A238,UNLIKE,6:00
7,A268,LIKE,7:15
4,A775,LIKE,19:06
8,A257,NO COMMENT,4:00
14,A108,LIKE,17:44
13,A953,LIKE,7:01
11,A799,UNLIKE,1:32
15,A637,NO COMMENT,9:59
15,A845,LIKE,18:27
4,A35,NO COMMENT,8:11
11,A130,UNLIKE,22:41
2,A399,UNLIKE,11:54
5,A564,UNLIKE,5:26
7,A216,LIKE,10:33
5,A291,NO COMMENT,2:16
10,A273,NO COMMENT,15:13
14,A158,UNLIKE,15:06
4,A307,NO COMMENT,14:38
5,A242,UNLIKE,5:30
1,A756,LIKE,3:33
13,A977,LIKE,17:51
14,A113,NO COMMENT,12:17
1,A858,UNLIKE,20:19
15,A711,NO COMMENT,5:57
6,A279,UNLIKE,7:26
5,A920,LIKE,12:30
8,A107,NO COMMENT,19:31
8,A499,NO COMMENT,1:54
12,A675,LIKE,19:58
8,A173,NO COMMENT,11:35
4,A837,NO COMMENT,0:49
8,A23,UNLIKE,16:01
14,A620,NO COMMENT,21:31
1,A661,LIKE,5:15
13,A869,NO COMMENT,14:27
4,A879,LIKE,15:19
5,A727,UNLIKE,23:26
4,A365,LIKE,14:55
13,A412,UNLIKE,1:51
15,A28,LIKE,6:28
4,A987,LIKE,14:14
3,A575,LIKE,12:50
2,A922,LIKE,10:42
2,A16,NO COMMENT,14:57
15,A1001,UNLIKE,7:45
6,A1005,LIKE,16:17
11,A399,UNLIKE,3:09
7,A895,UNLIKE,3:25
2,A104,NO COMMENT,6:04
11,A316,NO COMMENT,19:41
4,A489,NO COMMENT,21:44
14,A106,LIKE,6:19
4,A12,UNLIKE,23:41
10,A96,UNLIKE,2:34
1,A735,NO COMMENT,3:24
2,A684,LIKE,3:15
6,A551,NO COMMENT,8:20
14,A187,UNLIKE,1:29
2,A728,NO COMMENT,11:47
4,A698,NO COMMENT,4:44
1,A301,NO COMMENT,8:57
1,A668,LIKE,8:56
9,A682,NO COMMENT,19:30
5,A216,NO COMMENT,8:30
8,A675,UNLIKE,21:35
1,A569,LIKE,13:18
3,A849,UNLIKE,3:45
3,A494,UNLIKE,0:39
2,A854,LIKE,15:30
7,A176,LIKE,15:56
6,A951,UNLIKE,11:29
8,A224,UNLIKE,11:02
10,A951,NO COMMENT,2:12
7,A567,NO COMMENT,6:10
7,A887,NO COMMENT,15:07
15,A1004,NO COMMENT,3:05
6,A948,NO COMMENT,2:08
1,A943,UNLIKE,2:14
14,A811,UNLIKE,21:02
14,A62,LIKE,1:25
15,A395,LIKE,10:36
3,A162,NO COMMENT,12:21
5,A70,LIKE,0:53
8,A359,UNLIKE,6:26
9,A64,UNLIKE,5:25
6,A320,NO COMMENT,22:24
9,A494,UNLIKE,7:13
8,A341,NO COMMENT,16:44
1,A329,UNLIKE,1:14
3,A04,LIKE,20:16
4,A256,LIKE,21:25
14,A24,LIKE,13:06
13,A643,LIKE,18:36
12,A796,UNLIKE,12:18
15,A790,LIKE,4:20
11,A214,LIKE,11:24
4,A1020,LIKE,22:22
7,A289,UNLIKE,20:45
9,A336,LIKE,21:36
13,A947,UNLIKE,13:19
8,A318,NO COMMENT,8:40
13,A1046,LIKE,14:57
14,A05,LIKE,19:54
1,A961,UNLIKE,15:47
11,A229,LIKE,19:27
1,A1005,NO COMMENT,4:57
4,A395,LIKE,22:27
3,A947,NO COMMENT,6:46
10,A1005,NO COMMENT,4:13
5,A583,NO COMMENT,16:08
3,A727,LIKE,0:23
6,A548,UNLIKE,14:55
5,A557,NO COMMENT,5:31
9,A1029,UNLIKE,11:29
5,A917,NO COMMENT,21:34
2,A827,UNLIKE,3:55
12,A377,UNLIKE,11:19
6,A365,UNLIKE,0:23
3,A1049,UNLIKE,2:28
14,A527,LIKE,19:02
2,A647,LIKE,10:42
1,A497,UNLIKE,0:07
12,A1010,NO COMMENT,3:20
9,A469,UNLIKE,2:24
1,A935,LIKE,21:41
7,A252,UNLIKE,22:47
1,A810,NO COMMENT,21:23
9,A02,UNLIKE,19:35
13,A927,LIKE,2:23
7,A371,UNLIKE,0:51
10,A811,NO COMMENT,16:47
8,A243,NO COMMENT,4:38
9,A273,LIKE,4:18
7,A415,NO COMMENT,11:58
12,A1043,NO COMMENT,19:53
6,A608,UNLIKE,16:55
15,A263,UNLIKE,0:54
6,A836,UNLIKE,8:08
4,A176,UNLIKE,9:08
7,A572,UNLIKE,12:37
12,A56,LIKE,23:15
6,A550,UNLIKE,7:14
5,A197,UNLIKE,21:11
6,A567,LIKE,1:19
12,A173,UNLIKE,3:23
1,A230,NO COMMENT,5:48
7,A16,UNLIKE,12:59
4,A908,UNLIKE,12:56
4,A215,UNLIKE,9:42
12,A741,LIKE,12:59
2,A634,LIKE,22:09
1,A336,NO COMMENT,8:05
4,A544,UNLIKE,13:59
8,A332,UNLIKE,20:11
10,A948,NO COMMENT,19:56
9,A55,UNLIKE,21:31
4,A249,UNLIKE,9:42
2,A550,LIKE,4:06
11,A996,NO COMMENT,20:20
4,A825,LIKE,11:28
10,A25,LIKE,0:24
7,A993,NO COMMENT,14:15
2,A347,NO COMMENT,1:14
3,A260,NO COMMENT,16:57
4,A840,NO COMMENT,8:33
10,A782,LIKE,2:02
10,A527,UNLIKE,0:37
11,A829,NO COMMENT,13:39
13,A219,NO COMMENT,15:46
5,A263,LIKE,0:53
13,A176,NO COMMENT,9:57
12,A185,UNLIKE,18:04
13,A222,UNLIKE,7:22
7,A957,NO COMMENT,14:44
12,A920,UNLIKE,22:51
3,A355,UNLIKE,9:42
9,A268,LIKE,7:22
12,A441,NO COMMENT,4:52
7,A538,LIKE,4:49
14,A448,UNLIKE,15:06
2,A312,LIKE,0:36
13,A841,NO COMMENT,9:14
15,A909,LIKE,6:59
9,A750,NO COMMENT,12:25
4,A751,LIKE,4:11
3,A175,NO COMMENT,16:26
15,A792,LIKE,17:15
14,A659,LIKE,10:55
1,A200,NO COMMENT,0:14
8,A320,UNLIKE,19:31
6,A507,UNLIKE,3:47
3,A25,UNLIKE,7:14
8,A227,NO COMMENT,11:30
13,A1006,UNLIKE,8:39
10,A425,NO COMMENT,21:51
3,A308,LIKE,13:52
14,A896,UNLIKE,9:16
12,A551,UNLIKE,11:14
11,A491,UNLIKE,6:45
2,A796,NO COMMENT,7:57
12,A711,UNLIKE,9:02
4,A438,NO COMMENT,23:03
9,A140,UNLIKE,17:39
8,A286,UNLIKE,3:32
12,A373,NO COMMENT,21:07
2,A636,NO COMMENT,7:46
13,A909,NO COMMENT,4:42
7,A637,NO COMMENT,8:12
8,A583,NO COMMENT,9:16
11,A534,LIKE,5:05
8,A951,LIKE,3:39
6,A336,NO COMMENT,13:07
11,A147,LIKE,3:22
8,A982,NO COMMENT,14:45
9,A863,NO COMMENT,6:01
4,A590,UNLIKE,7:12
15,A618,NO COMMENT,22:55
3,A948,NO COMMENT,5:51
9,A840,UNLIKE,4:46
12,A948,LIKE,23:00
8,A774,UNLIKE,20:21
1,A226,NO COMMENT,13:22
15,A602,UNLIKE,20:07
15,A600,NO COMMENT,20:16
1,A782,UNLIKE,15:33
6,A765,UNLIKE,2:52
7,A617,UNLIKE,22:51
1,A971,LIKE,10:40
7,A283,NO COMMENT,15:58
3,A163,NO COMMENT,4:00
1,A750,UNLIKE,14:07
3,A137,UNLIKE,21:12
11,A371,UNLIKE,17:31
7,A68,NO COMMENT,1:43
15,A955,LIKE,15:12
4,A360,NO COMMENT,2:54
3,A974,UNLIKE,11:37
14,A583,LIKE,16:46
7,A140,NO COMMENT,4:44
2,A396,NO COMMENT,20:59
15,A203,NO COMMENT,10:51
11,A138,LIKE,17:22
3,A894,LIKE,12:15
3,A755,UNLIKE,10:22
14,A971,UNLIKE,7:42
14,A703,UNLIKE,14:05
15,A100,LIKE,3:49
7,A64,LIKE,1:16
9,A626,UNLIKE,14:21
5,A863,UNLIKE,15:47
4,A499,LIKE,18:23
7,A1043,NO COMMENT,16:40
13,A616,NO COMMENT,14:32
12,A960,LIKE,22:09
7,A825,LIKE,6:48
1,A621,NO COMMENT,21:06
4,A972,UNLIKE,10:09
4,A428,LIKE,11:55
1,A275,NO COMMENT,20:58
2,A227,UNLIKE,19:10
15,A684,NO COMMENT,15:07
7,A175,NO COMMENT,5:37
6,A649,LIKE,0:58
7,A1008,LIKE,12:58
7,A104,UNLIKE,11:26
12,A215,LIKE,13:43
5,A750,NO COMMENT,10:49
10,A116,UNLIKE,21:13
2,A902,NO COMMENT,4:31
15,A947,LIKE,17:38
3,A301,UNLIKE,9:40
3,A445,NO COMMENT,16:11
9,A436,LIKE,7:06
4,A502,UNLIKE,10:45
9,A884,NO COMMENT,22:24
5,A93,LIKE,13:02
9,A07,UNLIKE,22:57
13,A504,LIKE,11:25
8,A655,UNLIKE,20:43
12,A623,UNLIKE,2:30
10,A909,UNLIKE,5:11
10,A1043,NO COMMENT,1:04
15,A492,LIKE,20:00
12,A788,UNLIKE,5:08
4,A430,UNLIKE,3:53
6,A827,UNLIKE,8:38
12,A409,UNLIKE,21:24
7,A507,LIKE,6:47
1,A885,UNLIKE,0:27
2,A187,LIKE,11:49
7,A603,UNLIKE,10:56
15,A550,NO COMMENT,23:52
13,A587,NO COMMENT,11:26
3,A1002,NO COMMENT,21:53
1,A416,UNLIKE,2:05
2,A197,LIKE,8:13
1,A837,UNLIKE,7:58
15,A164,LIKE,17:58
6,A487,LIKE,16:07
12,A840,UNLIKE,18:31
8,A647,NO COMMENT,17:10
12,A25,LIKE,3:34
14,A944,LIKE,20:10
1,A163,NO COMMENT,1:13
3,A767,LIKE,4:16
11,A550,UNLIKE,4:28
11,A711,LIKE,19:59
13,A895,LIKE,11:25
12,A57,UNLIKE,8:46
6,A849,UNLIKE,12:44
12,A583,NO COMMENT,21:17
13,A884,LIKE,22:24
15,A891,NO COMMENT,12:26
6,A545,NO COMMENT,3:43
2,A46,LIKE,12:52
5,A275,NO COMMENT,0:35
11,A796,NO COMMENT,8:11
12,A504,LIKE,11:06
13,A521,UNLIKE,9:16
5,A303,UNLIKE,11:23
9,A61,LIKE,7:38
1,A165,UNLIKE,4:40
6,A838,NO COMMENT,12:29
9,A978,NO COMMENT,6:30
2,A839,LIKE,12:53
4,A366,UNLIKE,8:47
7,A93,LIKE,23:22
11,A655,NO COMMENT,23:38
9,A1022,NO COMMENT,4:29
8,A977,UNLIKE,12:35
2,A307,NO COMMENT,9:34
1,A358,NO COMMENT,16:29
12,A634,NO COMMENT,12:47
14,A687,UNLIKE,13:47
3,A06,UNLIKE,7:00
10,A307,UNLIKE,13:12
15,A190,LIKE,10:32
6,A301,NO COMMENT,18:27
14,A221,NO COMMENT,20:25
14,A723,UNLIKE,9:29
1,A977,NO COMMENT,9:46
15,A765,NO COMMENT,11:20
1,A351,NO COMMENT,4:09
12,A263,NO COMMENT,19:16
11,A154,NO COMMENT,14:40
14,A675,LIKE,13:18
6,A03,NO COMMENT,18:02
2,A789,UNLIKE,19:33
10,A616,UNLIKE,11:01
15,A680,UNLIKE,17:45
14,A224,UNLIKE,11:30
4,A405,UNLIKE,10:35
9,A258,LIKE,16:48
12,A789,NO COMMENT,1:12
8,A05,NO COMMENT,19:34
2,A648,LIKE,20:26
15,A207,LIKE,8:04
9,A256,UNLIKE,3:31
4,A227,UNLIKE,13:31
15,A518,UNLIKE,19:51
2,A889,NO COMMENT,21:24
9,A116,LIKE,15:08
2,A230,UNLIKE,11:49
3,A810,LIKE,3:43
5,A798,UNLIKE,2:40
5,A369,LIKE,1:43
15,A323,NO COMMENT,3:54
13,A221,NO COMMENT,15:27
13,A489,UNLIKE,19:50
14,A657,UNLIKE,5:00
7,A903,NO COMMENT,0:10
13,A279,UNLIKE,7:04
13,A996,NO COMMENT,14:54
1,A02,NO COMMENT,17:56
9,A68,UNLIKE,20:54
13,A889,NO COMMENT,4:32
11,A417,LIKE,2:52
1,A843,LIKE,18:10
1,A237,NO COMMENT,2:55
14,A637,LIKE,17:54
7,A682,NO COMMENT,21:52
2,A704,NO COMMENT,20:57
1,A162,NO COMMENT,4:55
6,A214,UNLIKE,22:43
8,A47,LIKE,20:30
13,A852,NO COMMENT,21:49
6,A564,NO COMMENT,5:55
2,A96,UNLIKE,21:15
5,A592,UNLIKE,4:52
8,A441,NO COMMENT,10:35
10,A115,UNLIKE,21:32
7,A749,NO COMMENT,1:37
9,A716,LIKE,19:27
14,A1010,LIKE,8:13
7,A09,LIKE,6:56
15,A23,UNLIKE,2:26
2,A626,UNLIKE,10:40
7,A927,NO COMMENT,21:46
13,A635,UNLIKE,2:05
4,A710,NO COMMENT,3:00
8,A767,UNLIKE,15:11
3,A39,NO COMMENT,7:02
13,A680,UNLIKE,12:26
14,A133,NO COMMENT,22:23
6,A595,LIKE,22:19
3,A747,NO COMMENT,9:43
7,A12,UNLIKE,0:57
6,A943,NO COMMENT,9:27
11,A459,NO COMMENT,23:40
11,A538,NO COMMENT,12:54
10,A140,NO COMMENT,9:59
1,A428,NO COMMENT,1:48
6,A961,UNLIKE,10:27
8,A460,NO COMMENT,0:36
10,A804,LIKE,13:34
2,A855,UNLIKE,18:38
7,A704,LIKE,19:00
3,A203,NO COMMENT,17:05
6,A71,LIKE,8:26
9,A930,UNLIKE,8:47
2,A163,UNLIKE,6:07
6,A371,LIKE,14:08
4,A478,NO COMMENT,12:36
14,A238,LIKE,2:46
11,A657,LIKE,7:13
13,A410,UNLIKE,5:27
6,A960,LIKE,21:20
1,A332,NO COMMENT,13:55
13,A577,LIKE,10:26
10,A856,LIKE,0:48
6,A222,LIKE,8:06
9,A687,NO COMMENT,20:17
9,A320,NO COMMENT,15:11
13,A332,LIKE,16:39
13,A445,LIKE,12:35
5,A88,NO COMMENT,13:59
2,A901,LIKE,12:49
14,A14,NO COMMENT,20:32
3,A869,UNLIKE,21:06
7,A62,UNLIKE,18:17
8,A587,LIKE,5:57
4,A140,LIKE,6:14
8,A917,NO COMMENT,13:36
1,A33,NO COMMENT,18:53
9,A635,LIKE,1:27
5,A678,UNLIKE,22:33
11,A972,NO COMMENT,0:19
8,A146,UNLIKE,8:23
2,A158,LIKE,8:35
6,A682,LIKE,8:32
15,A987,LIKE,12:41
7,A840,UNLIKE,8:39
11,A939,NO COMMENT,23:18
9,A854,UNLIKE,18:36
13,A732,UNLIKE,10:12
9,A514,NO COMMENT,17:17
14,A246,UNLIKE,18:20
10,A56,UNLIKE,5:12
3,A920,UNLIKE,4:06
11,A520,UNLIKE,5:50
5,A149,UNLIKE,9:18
7,A469,UNLIKE,9:58
11,A508,LIKE,19:03
7,A191,LIKE,9:31
7,A1031,LIKE,18:46
4,A28,LIKE,12:42
13,A473,UNLIKE,17:50
7,A505,UNLIKE,23:21
2,A66,LIKE,11:44
1,A539,NO COMMENT,9:26
13,A207,LIKE,5:08
8,A514,UNLIKE,8:32
4,A656,NO COMMENT,19:30
13,A61,LIKE,8:41
3,A587,NO COMMENT,16:53
12,A343,UNLIKE,15:47
7,A256,UNLIKE,11:07
5,A698,NO COMMENT,17:05
7,A756,UNLIKE,11:19
5,A327,LIKE,10:02
13,A107,NO COMMENT,10:34
8,A579,UNLIKE,21:46
5,A165,UNLIKE,20:16
15,A283,UNLIKE,7:04
6,A254,UNLIKE,10:17
12,A850,LIKE,5:30
5,A930,LIKE,7:51
12,A539,LIKE,0:47
15,A740,LIKE,2:44
14,A47,LIKE,8:41
5,A243,LIKE,12:00
2,A613,NO COMMENT,5:14
7,A96,NO COMMENT,23:51
1,A836,NO COMMENT,19:04
3,A1020,UNLIKE,8:25
7,A654,UNLIKE,4:20
2,A404,UNLIKE,8:02
10,A1009,UNLIKE,9:26
10,A1018,UNLIKE,13:00
10,A690,NO COMMENT,10:54
8,A894,LIKE,12:03
9,A208,UNLIKE,22:22
8,A558,NO COMMENT,0:56
3,A705,UNLIKE,3:10
5,A270,LIKE,19:52
12,A166,LIKE,1:32
10,A35,NO COMMENT,0:53
1,A105,UNLIKE,19:54
15,A459,LIKE,5:18
3,A320,UNLIKE,21:16
8,A519,NO COMMENT,19:46
15,A631,NO COMMENT,6:49
4,A351,UNLIKE,8:37
13,A192,UNLIKE,8:16
15,A249,UNLIKE,8:13
6,A629,NO COMMENT,19:44
3,A882,LIKE,15:58
7,A166,UNLIKE,23:37
15,A930,LIKE,22:58
7,A165,LIKE,0:55
6,A973,NO COMMENT,22:31
3,A149,UNLIKE,2:30
1,A749,NO COMMENT,21:58
12,A231,NO COMMENT,12:51
3,A723,NO COMMENT,18:58
13,A166,UNLIKE,16:11
10,A996,NO COMMENT,21:17
8,A569,LIKE,20:23
5,A864,LIKE,5:57
10,A518,UNLIKE,23:04
6,A978,UNLIKE,12:17
2,A575,NO COMMENT,19:50
2,A130,NO COMMENT,6:31
6,A922,UNLIKE,7:55
13,A765,LIKE,5:59
1,A747,LIKE,5:41
15,A129,LIKE,3:23
14,A605,NO COMMENT,2:53
1,A285,UNLIKE,14:05
8,A497,NO COMMENT,1:51
13,A727,NO COMMENT,9:29
15,A647,NO COMMENT,2:50
8,A336,UNLIKE,1:57
12,A205,LIKE,5:31
14,A119,LIKE,9:54
7,A472,NO COMMENT,9:17
10,A656,UNLIKE,8:26
11,A207,UNLIKE,6:46
6,A885,NO COMMENT,3:31
8,A854,NO COMMENT,7:02
15,A246,LIKE,23:57
9,A374,NO COMMENT,23:53
5,A02,UNLIKE,10:27
2,A1010,UNLIKE,0:26
3,A362,NO COMMENT,15:54
3,A1004,NO COMMENT,12:23
8,A932,UNLIKE,11:13
1,A704,LIKE,13:25
9,A302,LIKE,23:43
6,A307,LIKE,18:49
11,A441,NO COMMENT,22:21
3,A864,NO COMMENT,6:59
1,A960,UNLIKE,21:50
3,A85,LIKE,8:19
4,A852,NO COMMENT,7:40
7,A42,UNLIKE,14:55
4,A650,UNLIKE,6:11
9,A735,NO COMMENT,13:22
15,A256,UNLIKE,11:07
2,A957,LIKE,1:17
14,A993,NO COMMENT,12:55
10,A237,LIKE,20:35
10,A135,NO COMMENT,17:15
15,A448,LIKE,14:45
11,A278,NO COMMENT,14:53
8,A417,UNLIKE,2:11
12,A302,UNLIKE,7:19
7,A592,UNLIKE,7:43
10,A1022,LIKE,11:18
1,A112,UNLIKE,10:23
6,A796,LIKE,6:37
4,A163,UNLIKE,8:08
9,A1006,LIKE,4:09
3,A432,NO COMMENT,5:52
2,A388,LIKE,4:33
6,A360,NO COMMENT,9:00
7,A618,LIKE,17:17
4,A381,UNLIKE,15:39
10,A139,NO COMMENT,1:48
6,A144,NO COMMENT,1:43
9,A549,LIKE,15:31
7,A307,NO COMMENT,22:04
10,A45,NO COMMENT,5:54
10,A799,UNLIKE,8:37
14,A1016,UNLIKE,23:12
13,A04,UNLIKE,2:57
9,A710,UNLIKE,7:14
6,A326,NO COMMENT,3:36
2,A514,NO COMMENT,20:05
11,A114,UNLIKE,6:46
4,A1024,LIKE,22:48
2,A147,NO COMMENT,1:40
6,A285,NO COMMENT,12:27
2,A971,NO COMMENT,8:23
1,A811,LIKE,22:34
10,A789,UNLIKE,2:18
8,A616,LIKE,19:22
11,A203,NO COMMENT,0:24
13,A70,UNLIKE,3:40
10,A218,LIKE,13:43
1,A649,UNLIKE,3:05
1,A951,NO COMMENT,4:21
1,A189,NO COMMENT,12:55
4,A900,NO COMMENT,1:32
5,A105,NO COMMENT,5:35
4,A67,LIKE,19:32
14,A203,LIKE,8:58
3,A577,NO COMMENT,10:45
14,A285,NO COMMENT,10:57
6,A957,NO COMMENT,9:50
12,A508,NO COMMENT,10:47
2,A881,LIKE,19:53
13,A277,NO COMMENT,4:40
12,A799,LIKE,13:31
15,A1042,NO COMMENT,15:12
5,A507,UNLIKE,9:11
2,A218,UNLIKE,13:10
11,A208,LIKE,2:06
12,A975,UNLIKE,0:12
14,A711,NO COMMENT,11:34
9,A345,LIKE,20:23
8,A550,LIKE,2:37
3,A67,LIKE,2:30
9,A550,LIKE,14:37
9,A816,LIKE,22:33
6,A605,NO COMMENT,0:52
12,A07,UNLIKE,23:23
10,A500,LIKE,3:20
9,A160,LIKE,19:18
8,A838,NO COMMENT,1:15
3,A125,LIKE,18:55
7,A975,UNLIKE,14:05
14,A656,NO COMMENT,4:07
15,A46,LIKE,2:18
2,A589,UNLIKE,6:17
10,A1049,NO COMMENT,7:04
10,A176,UNLIKE,3:05
7,A111,LIKE,19:21
5,A173,LIKE,3:55
4,A548,LIKE,1:21
15,A798,UNLIKE,22:03
14,A439,NO COMMENT,20:23
1,A441,LIKE,9:44
14,A412,UNLIKE,5:15
13,A844,UNLIKE,4:22
14,A887,NO COMMENT,17:31
6,A14,LIKE,8:26
11,A359,LIKE,15:07
15,A974,UNLIKE,10:13
5,A430,LIKE,21:17
7,A465,NO COMMENT,21:26
4,A643,NO COMMENT,19:14
3,A91,UNLIKE,5:17
15,A595,NO COMMENT,4:34
2,A205,NO COMMENT,7:54
14,A365,LIKE,8:09
14,A07,UNLIKE,5:10
12,A618,LIKE,23:15
14,A775,LIKE,19:09
11,A460,NO COMMENT,23:10
2,A246,NO COMMENT,14:39
6,A810,UNLIKE,23:46
11,A407,NO COMMENT,8:27
3,A413,LIKE,19:54
6,A06,LIKE,18:39
9,A129,NO COMMENT,20:16
10,A723,NO COMMENT,7:27
14,A302,UNLIKE,6:18
9,A453,NO COMMENT,10:14
6,A938,LIKE,1:56
5,A811,UNLIKE,0:39
1,A953,NO COMMENT,13:49
9,A1004,NO COMMENT,11:17
11,A837,UNLIKE,13:01
6,A286,LIKE,5:41
4,A527,UNLIKE,21:20
8,A356,LIKE,23:50
12,A47,UNLIKE,22:54
13,A108,NO COMMENT,4:18
5,A409,LIKE,11:00
3,A999,LIKE,20:50
2,A106,NO COMMENT,2:30
8,A789,NO COMMENT,16:04
8,A527,UNLIKE,4:38
2,A135,UNLIKE,6:24
4,A849,NO COMMENT,23:37
11,A416,UNLIKE,6:10
12,A668,NO COMMENT,7:14
5,A984,NO COMMENT,22:52
9,A794,UNLIKE,16:46
3,A985,UNLIKE,8:58
7,A978,NO COMMENT,12:05
1,A04,NO COMMENT,13:34
14,A140,NO COMMENT,10:12
1,A538,UNLIKE,23:26
1,A494,LIKE,0:02
14,A499,UNLIKE,16:51
14,A928,LIKE,17:07
6,A409,NO COMMENT,5:39
4,A473,UNLIKE,23:03
14,A242,LIKE,9:27
5,A909,UNLIKE,13:02
11,A474,UNLIKE,19:11
15,A140,LIKE,14:58
11,A993,UNLIKE,20:31
2,A1001,UNLIKE,4:48
5,A644,UNLIKE,15:16
12,A312,UNLIKE,21:43
11,A492,LIKE,14:10
15,A473,NO COMMENT,4:29
10,A62,LIKE,9:29
5,A900,NO COMMENT,23:27
10,A129,NO COMMENT,12:30
8,A220,UNLIKE,19:03
5,A448,UNLIKE,20:18
5,A1016,LIKE,0:15
14,A395,UNLIKE,5:14
2,A567,NO COMMENT,2:20
11,A136,NO COMMENT,15:16
15,A575,LIKE,1:00
7,A496,LIKE,19:48
8,A749,NO COMMENT,0:49
4,A242,UNLIKE,21:12
6,A302,UNLIKE,3:29
10,A918,NO COMMENT,5:21
2,A238,LIKE,22:00
14,A728,UNLIKE,16:06
15,A254,LIKE,12:00
7,A244,UNLIKE,19:29
10,A360,NO COMMENT,2:00
13,A722,NO COMMENT,10:48
2,A189,UNLIKE,1:36
8,A770,UNLIKE,1:05
13,A519,NO COMMENT,2:25
2,A224,NO COMMENT,21:42
2,A844,NO COMMENT,21:31
11,A864,UNLIKE,20:41
12,A879,NO COMMENT,23:03
11,A848,UNLIKE,5:04
3,A02,UNLIKE,9:20
12,A70,LIKE,14:29
5,A1009,LIKE,7:36
5,A725,LIKE,20:21
3,A76,UNLIKE,6:05
15,A58,UNLIKE,12:00
9,A135,LIKE,23:25
10,A850,LIKE,16:03
11,A777,UNLIKE,20:14
7,A335,NO COMMENT,2:36
13,A636,UNLIKE,20:07
12,A112,NO COMMENT,22:58
7,A230,LIKE,17:47
6,A58,NO COMMENT,13:17
5,A770,NO COMMENT,0:05
15,A415,NO COMMENT,1:09
11,A549,UNLIKE,12:08
12,A498,LIKE,9:56
12,A648,UNLIKE,12:04
5,A579,UNLIKE,13:05
5,A704,UNLIKE,16:41
11,A09,LIKE,1:00
13,A220,NO COMMENT,13:43
10,A502,UNLIKE,17:15
13,A438,UNLIKE,20:10
10,A106,LIKE,3:12
14,A469,LIKE,0:26
9,A130,UNLIKE,5:04
10,A932,LIKE,14:32
10,A603,UNLIKE,13:42
4,A125,LIKE,21:45
3,A570,NO COMMENT,20:41
8,A889,UNLIKE,9:24
4,A16,NO COMMENT,23:25
1,A948,NO COMMENT,2:29
9,A998,LIKE,14:52
3,A100,NO COMMENT,5:08
10,A221,LIKE,2:53
6,A470,NO COMMENT,15:11
3,A03,NO COMMENT,12:34
8,A477,UNLIKE,11:08
10,A504,LIKE,18:56
8,A111,UNLIKE,4:56
5,A629,LIKE,5:54
12,A1028,NO COMMENT,23:19
7,A277,NO COMMENT,0:39
11,A909,LIKE,5:07
14,A843,LIKE,5:15
15,A301,NO COMMENT,10:40
12,A346,LIKE,5:32
5,A81,UNLIKE,3:39
10,A635,LIKE,20:54
11,A424,NO COMMENT,11:01
8,A648,LIKE,5:33
13,A116,UNLIKE,20:59
9,A810,LIKE,19:23
1,A751,UNLIKE,0:42
7,A982,LIKE,17:36
4,A918,UNLIKE,7:43
10,A1029,UNLIKE,15:41
3,A975,LIKE,12:13
2,A302,UNLIKE,4:41
8,A327,LIKE,11:46
7,A58,UNLIKE,20:44
11,A579,UNLIKE,2:00
2,A478,UNLIKE,8:19
6,A171,LIKE,14:36
5,A496,UNLIKE,9:46
6,A16,NO COMMENT,4:18
2,A978,UNLIKE,21:24
12,A229,UNLIKE,4:36
2,A944,NO COMMENT,19:20
14,A696,UNLIKE,21:01
2,A371,LIKE,16:39
4,A289,LIKE,15:27
8,A544,UNLIKE,13:31
2,A614,NO COMMENT,5:18
11,A95,UNLIKE,8:27
9,A197,UNLIKE,23:29
15,A958,UNLIKE,6:20
6,A843,LIKE,1:04
6,A208,NO COMMENT,13:57
2,A377,NO COMMENT,9:46
11,A883,LIKE,20:35
4,A219,NO COMMENT,16:12
15,A02,LIKE,1:26
10,A816,LIKE,6:20
1,A938,NO COMMENT,8:57
14,A130,UNLIKE,4:51
14,A827,LIKE,5:08
6,A497,LIKE,2:07
9,A572,UNLIKE,11:55
6,A492,NO COMMENT,13:24
7,A647,NO COMMENT,9:16
5,A839,NO COMMENT,21:08
4,A605,LIKE,21:20
9,A424,UNLIKE,3:59
15,A113,NO COMMENT,18:16
5,A551,LIKE,0:11
14,A472,NO COMMENT,3:01
7,A322,NO COMMENT,0:20
9,A365,LIKE,22:06
10,A770,NO COMMENT,6:21
12,A430,LIKE,22:08
14,A388,UNLIKE,1:33
6,A927,NO COMMENT,23:28
5,A279,LIKE,21:55
3,A254,LIKE,19:50
1,A365,LIKE,17:13
2,A256,LIKE,14:38
9,A439,NO COMMENT,1:17
6,A932,LIKE,15:25
9,A100,UNLIKE,5:09
8,A891,NO COMMENT,20:36
5,A45,UNLIKE,15:43
10,A136,NO COMMENT,20:41
6,A1049,NO COMMENT,16:50
15,A345,UNLIKE,21:58
9,A242,NO COMMENT,20:46
3,A161,NO COMMENT,3:01
5,A312,LIKE,16:24
4,A935,NO COMMENT,1:41
10,A887,LIKE,5:18
12,A696,NO COMMENT,9:16
10,A436,UNLIKE,19:57
11,A636,UNLIKE,21:37
14,A291,NO COMMENT,17:14
6,A955,LIKE,19:22
5,A115,NO COMMENT,3:40
9,A587,LIKE,4:59
14,A191,UNLIKE,13:22
6,A432,LIKE,18:49
1,A335,LIKE,20:46
11,A289,UNLIKE,18:21
3,A144,LIKE,0:02
2,A327,UNLIKE,4:42
4,A209,UNLIKE,8:14
5,A231,UNLIKE,3:27
12,A590,NO COMMENT,0:32
2,A159,UNLIKE,3:04
11,A854,LIKE,11:05
11,A273,UNLIKE,17:08
13,A703,NO COMMENT,11:02
5,A892,UNLIKE,3:07
14,A100,UNLIKE,0:35
13,A961,NO COMMENT,2:45
11,A308,UNLIKE,8:36
4,A286,UNLIKE,1:19
15,A608,LIKE,13:16
1,A518,NO COMMENT,23:31
6,A205,UNLIKE,14:29
14,A346,NO COMMENT,14:53
2,A799,LIKE,7:27
9,A786,NO COMMENT,6:08
11,A1031,NO COMMENT,19:15
1,A705,UNLIKE,9:28
6,A485,UNLIKE,17:12
1,A03,LIKE,6:39
8,A112,LIKE,6:15
10,A631,UNLIKE,9:02
1,A312,NO COMMENT,1:03
1,A185,NO COMMENT,22:30
9,A969,UNLIKE,1:22
8,A56,UNLIKE,4:11
9,A567,UNLIKE,23:38
1,A307,UNLIKE,14:36
14,A790,NO COMMENT,4:40
14,A725,UNLIKE,4:17
7,A621,UNLIKE,20:15
4,A246,NO COMMENT,4:04
14,A278,LIKE,6:22
15,A407,UNLIKE,1:07
12,A564,LIKE,16:50
4,A317,LIKE,22:21
10,A329,UNLIKE,13:40
7,A222,NO COMMENT,4:50
11,A613,LIKE,5:10
10,A55,UNLIKE,0:39
2,A840,UNLIKE,16:37
9,A220,UNLIKE,1:03
3,A603,NO COMMENT,12:48
12,A149,NO COMMENT,22:46
4,A841,LIKE,2:07
13,A856,NO COMMENT,20:36
13,A943,UNLIKE,23:41
12,A567,LIKE,8:37
15,A855,UNLIKE,16:58
5,A651,LIKE,20:26
9,A926,NO COMMENT,3:27
14,A899,NO COMMENT,19:53
13,A56,LIKE,19:09
13,A561,LIKE,8:09
9,A430,LIKE,2:49
14,A704,UNLIKE,0:33
1,A955,LIKE,6:24
12,A538,NO COMMENT,7:24
6,A999,LIKE,9:38
10,A796,NO COMMENT,10:47
10,A18,UNLIKE,3:18
12,A844,LIKE,0:47
10,A164,LIKE,7:00
7,A634,NO COMMENT,16:46
2,A863,LIKE,3:49
15,A417,UNLIKE,20:04
7,A47,UNLIKE,8:17
4,A487,NO COMMENT,22:59
10,A114,UNLIKE,6:13
12,A28,NO COMMENT,11:18
3,A806,UNLIKE,8:33
14,A734,NO COMMENT,2:39
12,A18,UNLIKE,6:23
15,A998,UNLIKE,6:41
9,A12,UNLIKE,9:22
7,A521,LIKE,18:33
1,A375,LIKE,14:37
13,A899,UNLIKE,22:47
6,A770,NO COMMENT,19:39
2,A774,NO COMMENT,4:52
6,A716,UNLIKE,10:54
5,A538,UNLIKE,5:13
8,A711,LIKE,16:22
9,A608,NO COMMENT,8:27
9,A143,LIKE,12:00
14,A417,UNLIKE,2:01
9,A974,UNLIKE,21:20
4,A113,LIKE,7:32
11,A619,LIKE,5:40
13,A407,LIKE,22:41
12,A365,NO COMMENT,22:22
9,A252,NO COMMENT,2:21
12,A657,NO COMMENT,23:48
15,A544,LIKE,18:01
1,A317,LIKE,17:40
8,A149,LIKE,21:03
2,A485,UNLIKE,18:20
6,A441,NO COMMENT,19:20
1,A225,UNLIKE,22:05
4,A1029,LIKE,22:52
1,A827,NO COMMENT,15:58
8,A123,NO COMMENT,9:02
3,A399,NO COMMENT,9:26
1,A852,UNLIKE,4:56
3,A424,UNLIKE,21:35
2,A885,UNLIKE,11:28
15,A308,UNLIKE,16:09
14,A487,NO COMMENT,18:34
4,A203,UNLIKE,13:29
5,A07,NO COMMENT,10:03
1,A124,LIKE,17:33
1,A998,UNLIKE,1:31
9,A1044,NO COMMENT,4:46
15,A320,LIKE,3:26
8,A620,LIKE,4:37
6,A407,UNLIKE,12:07
1,A557,NO COMMENT,6:26
9,A381,LIKE,0:22
2,A430,LIKE,19:12
1,A879,NO COMMENT,10:26
14,A04,LIKE,2:56
6,A345,NO COMMENT,0:11
12,A178,LIKE,7:14
7,A845,UNLIKE,14:48
8,A856,UNLIKE,5:24
14,A558,NO COMMENT,6:01
6,A430,UNLIKE,3:30
2,A23,NO COMMENT,21:55
10,A499,UNLIKE,18:35
12,A713,NO COMMENT,10:27
14,A901,UNLIKE,7:05
11,A1044,NO COMMENT,23:43
1,A42,UNLIKE,0:05
15,A61,LIKE,10:23
6,A575,NO COMMENT,20:32
5,A913,LIKE,16:21
13,A400,LIKE,8:54
13,A496,NO COMMENT,8:50
10,A05,UNLIKE,19:09
14,A844,NO COMMENT,14:25
7,A579,UNLIKE,9:05
10,A362,UNLIKE,0:07
15,A03,LIKE,15:17
9,A74,NO COMMENT,2:53
8,A02,NO COMMENT,18:50
10,A583,NO COMMENT,12:13
7,A663,LIKE,11:24
15,A400,LIKE,17:14
15,A539,LIKE,4:07
12,A978,UNLIKE,22:00
11,A797,UNLIKE,18:51
13,A78,UNLIKE,13:30
13,A634,UNLIKE,14:39
9,A39,NO COMMENT,19:28
4,A957,NO COMMENT,11:59
14,A211,UNLIKE,12:10
3,A939,UNLIKE,21:03
15,A270,UNLIKE,13:12
5,A187,LIKE,7:33
3,A690,UNLIKE,8:52
13,A946,UNLIKE,9:46
1,A207,UNLIKE,8:03
12,A575,UNLIKE,22:09
1,A590,UNLIKE,13:03
6,A317,LIKE,4:16
14,A377,NO COMMENT,14:45
4,A412,NO COMMENT,20:35
3,A476,LIKE,22:34
6,A946,NO COMMENT,21:18
12,A1018,NO COMMENT,6:11
7,A381,UNLIKE,5:35
13,A200,UNLIKE,6:30
14,A766,NO COMMENT,8:35
4,A397,LIKE,17:11
1,A62,NO COMMENT,6:02
9,A226,NO COMMENT,22:05
15,A396,UNLIKE,9:37
3,A961,NO COMMENT,4:26
11,A496,NO COMMENT,19:39
2,A623,UNLIKE,5:48
12,A854,LIKE,23:50
12,A256,NO COMMENT,19:03
8,A419,LIKE,21:48
3,A409,NO COMMENT,15:30
15,A897,LIKE,0:50
15,A881,NO COMMENT,16:16
14,A837,UNLIKE,3:56
2,A629,NO COMMENT,14:48
4,A773,LIKE,20:15
5,A884,NO COMMENT,17:59
12,A554,LIKE,2:45
9,A957,NO COMMENT,7:17
10,A57,NO COMMENT,16:33
1,A527,NO COMMENT,22:56
7,A306,UNLIKE,12:17
15,A365,NO COMMENT,19:13
1,A1031,LIKE,1:30
14,A164,LIKE,3:48
4,A739,NO COMMENT,11:57
11,A844,LIKE,6:42
14,A165,UNLIKE,22:42
8,A636,NO COMMENT,6:56
13,A472,NO COMMENT,21:43
11,A896,LIKE,6:09
7,A388,LIKE,14:22
1,A478,NO COMMENT,1:45
10,A489,UNLIKE,13:38
15,A226,NO COMMENT,13:37
11,A487,UNLIKE,1:40
6,A554,UNLIKE,12:48
12,A88,NO COMMENT,4:46
11,A176,LIKE,8:08
5,A924,NO COMMENT,22:28
12,A327,UNLIKE,6:21
9,A644,UNLIKE,6:35
9,A416,LIKE,8:58
12,A915,UNLIKE,0:46
11,A307,NO COMMENT,4:49
13,A386,NO COMMENT,1:36
12,A221,NO COMMENT,6:11
8,A346,LIKE,22:51
5,A527,UNLIKE,10:41
14,A839,UNLIKE,7:14
12,A323,NO COMMENT,3:12
2,A918,UNLIKE,12:34
11,A171,UNLIKE,2:35
3,A93,LIKE,22:33
11,A413,UNLIKE,12:23
8,A395,LIKE,15:31
12,A237,LIKE,8:56
15,A393,UNLIKE,15:43
12,A306,LIKE,4:57
4,A02,LIKE,2:39
5,A1049,LIKE,22:02
8,A1011,LIKE,6:54
8,A657,NO COMMENT,18:55
12,A133,NO COMMENT,1:12
13,A114,LIKE,4:24
15,A856,UNLIKE,20:13
1,A45,UNLIKE,7:29
14,A39,UNLIKE,17:22
4,A557,UNLIKE,14:56
1,A554,UNLIKE,21:13
14,A42,LIKE,0:47
9,A908,NO COMMENT,14:27
8,A428,UNLIKE,12:35
15,A347,NO COMMENT,22:27
2,A502,UNLIKE,15:22
2,A215,NO COMMENT,23:04
12,A85,NO COMMENT,20:43
2,A705,NO COMMENT,8:47
7,A46,UNLIKE,4:14
3,A900,UNLIKE,21:59
9,A722,LIKE,22:49
2,A278,NO COMMENT,9:30
4,A460,NO COMMENT,14:29
14,A207,UNLIKE,8:02
5,A684,UNLIKE,17:39
10,A33,LIKE,8:22
7,A91,LIKE,21:40
15,A734,UNLIKE,11:49
5,A806,NO COMMENT,6:07
8,A725,LIKE,6:20
11,A192,LIKE,8:31
5,A1046,UNLIKE,18:27
2,A843,NO COMMENT,19:21
3,A139,NO COMMENT,22:23
4,A895,UNLIKE,3:02
5,A951,NO COMMENT,7:16
8,A165,LIKE,16:07
3,A61,NO COMMENT,2:56
12,A425,NO COMMENT,2:55
6,A104,LIKE,7:53
9,A185,UNLIKE,3:46
3,A223,UNLIKE,1:22
3,A644,LIKE,5:39
3,A416,LIKE,9:04
4,A104,UNLIKE,17:54
2,A605,UNLIKE,10:29
6,A747,UNLIKE,2:51
12,A869,LIKE,15:00
14,A397,NO COMMENT,21:50
2,A845,LIKE,17:33
7,A425,LIKE,3:30
13,A1008,UNLIKE,19:47
5,A1042,LIKE,4:35
7,A404,LIKE,10:23
6,A114,LIKE,13:51
13,A177,NO COMMENT,19:05
10,A567,UNLIKE,1:41
11,A168,NO COMMENT,23:34
8,A424,NO COMMENT,7:18
10,A508,LIKE,4:26
10,A521,UNLIKE,7:25
8,A855,UNLIKE,19:36
1,A974,UNLIKE,3:19
15,A464,UNLIKE,0:44
12,A03,NO COMMENT,11:23
1,A804,LIKE,6:02
11,A651,UNLIKE,19:46
1,A454,LIKE,1:02
6,A397,LIKE,22:11
8,A454,UNLIKE,13:33
10,A1020,UNLIKE,15:26
14,A166,UNLIKE,0:12
4,A646,LIKE,5:28
14,A230,NO COMMENT,3:24
2,A896,LIKE,3:13
5,A478,LIKE,12:33
9,A138,UNLIKE,14:35
14,A400,NO COMMENT,6:57
7,A935,LIKE,17:37
15,A675,NO COMMENT,3:47
2,A735,LIKE,16:37
7,A273,LIKE,9:58
11,A1010,LIKE,19:40
15,A229,UNLIKE,16:35
4,A335,LIKE,10:18
7,A867,NO COMMENT,5:39
8,A87,LIKE,9:45
8,A100,UNLIKE,15:14
14,A1042,LIKE,5:44
14,A454,LIKE,17:35
1,A964,LIKE,6:14
9,A146,UNLIKE,23:03
15,A505,UNLIKE,20:27
7,A869,NO COMMENT,11:59
8,A67,UNLIKE,18:52
5,A613,NO COMMENT,6:45
10,A187,NO COMMENT,15:08
11,A419,LIKE,20:21
1,A1008,LIKE,11:54
5,A722,UNLIKE,9:59
6,A366,LIKE,6:13
2,A27,UNLIKE,18:54
13,A329,NO COMMENT,13:50
9,A139,UNLIKE,6:57
13,A755,LIKE,2:44
12,A636,UNLIKE,16:01
1,A844,LIKE,7:47
7,A948,LIKE,8:45
5,A209,UNLIKE,19:24
13,A617,LIKE,1:32
12,A417,UNLIKE,21:45
14,A485,UNLIKE,4:29
5,A850,NO COMMENT,9:25
3,A270,UNLIKE,20:35
14,A613,LIKE,11:24
14,A927,NO COMMENT,7:51
12,A450,NO COMMENT,1:56
14,A998,UNLIKE,17:24
8,A741,NO COMMENT,4:30
8,A545,NO COMMENT,18:53
13,A922,NO COMMENT,1:57
15,A404,NO COMMENT,14:50
12,A732,LIKE,20:37
2,A519,NO COMMENT,19:00
4,A47,UNLIKE,14:25
6,A05,UNLIKE,11:54
14,A425,LIKE,12:22
2,A633,UNLIKE,20:28
10,A465,LIKE,6:25
9,A448,LIKE,9:13
12,A93,NO COMMENT,17:47
11,A1001,LIKE,9:40
1,A1042,NO COMMENT,15:09
4,A713,NO COMMENT,2:09
7,A160,UNLIKE,9:20
10,A735,UNLIKE,19:11
5,A345,LIKE,18:39
14,A1005,UNLIKE,22:48
4,A129,LIKE,12:40
9,A491,UNLIKE,19:28
1,A277,NO COMMENT,18:02
7,A164,LIKE,3:01
14,A393,NO COMMENT,10:17
9,A824,NO COMMENT,3:23
12,A260,NO COMMENT,3:39
5,A502,NO COMMENT,22:53
9,A892,NO COMMENT,18:10
5,A1004,UNLIKE,10:55
15,A975,UNLIKE,20:01
12,A273,LIKE,19:22
12,A242,NO COMMENT,3:19
11,A375,LIKE,0:52
6,A518,LIKE,16:31
10,A252,UNLIKE,1:34
8,A1009,NO COMMENT,13:13
2,A203,UNLIKE,2:57
13,A999,LIKE,22:47
14,A258,NO COMMENT,23:48
6,A116,UNLIKE,21:26
15,A863,NO COMMENT,7:40
10,A438,UNLIKE,6:29
6,A351,NO COMMENT,13:19
8,A323,LIKE,12:23
12,A262,LIKE,11:52
9,A932,LIKE,5:58
3,A351,NO COMMENT,8:48
12,A977,UNLIKE,15:44
13,A138,NO COMMENT,11:23
2,A597,UNLIKE,7:17
15,A564,UNLIKE,11:29
14,A600,NO COMMENT,9:48
5,A957,UNLIKE,23:58
11,A704,NO COMMENT,11:23
3,A1042,NO COMMENT,6:31
5,A526,UNLIKE,11:52
5,A301,UNLIKE,18:46
10,A255,NO COMMENT,23:39
10,A160,LIKE,4:45
10,A494,LIKE,6:40
3,A843,NO COMMENT,6:19
6,A125,LIKE,16:02
2,A999,LIKE,15:34
4,A312,UNLIKE,23:07
11,A464,UNLIKE,21:55
2,A258,UNLIKE,5:48
7,A643,NO COMMENT,19:18
9,A577,UNLIKE,19:46
14,A984,LIKE,20:52
11,A88,NO COMMENT,5:28
1,A602,LIKE,12:43
11,A894,UNLIKE,16:26
7,A646,LIKE,12:25
14,A1022,LIKE,4:02
11,A24,UNLIKE,16:10
3,A839,LIKE,16:30
13,A845,UNLIKE,3:02
13,A336,NO COMMENT,22:10
2,A336,NO COMMENT,23:29
5,A675,LIKE,17:08
14,A881,UNLIKE,22:38
3,A312,UNLIKE,18:20
10,A897,UNLIKE,17:46
10,A478,NO COMMENT,13:06
10,A393,UNLIKE,17:47
7,A487,UNLIKE,23:51
10,A409,LIKE,6:00
4,A572,LIKE,8:48
1,A982,UNLIKE,20:27
9,A441,NO COMMENT,15:51
3,A770,UNLIKE,14:43
9,A633,NO COMMENT,0:21
9,A243,UNLIKE,13:55
2,A1044,LIKE,13:15
15,A982,UNLIKE,12:01
6,A273,NO COMMENT,12:57
5,A472,UNLIKE,16:33
5,A882,NO COMMENT,21:07
13,A960,LIKE,8:49
6,A657,UNLIKE,10:07
4,A292,LIKE,15:36
1,A993,LIKE,2:25
5,A347,NO COMMENT,5:44
12,A489,NO COMMENT,21:35
11,A260,NO COMMENT,20:47
9,A306,UNLIKE,11:38
4,A231,UNLIKE,7:59
4,A891,NO COMMENT,18:09
9,A149,LIKE,14:38
2,A1043,UNLIKE,11:39
10,A257,NO COMMENT,9:15
6,A505,NO COMMENT,8:11
13,A740,LIKE,10:35
8,A751,NO COMMENT,9:15
4,A130,LIKE,4:11
2,A690,UNLIKE,7:15
6,A474,NO COMMENT,6:10
3,A497,LIKE,21:42
4,A388,UNLIKE,5:08
6,A903,UNLIKE,4:32
9,A927,LIKE,21:53
8,A926,LIKE,1:49
2,A749,NO COMMENT,9:54
12,A283,NO COMMENT,5:52
13,A602,LIKE,6:45
9,A648,UNLIKE,5:00
14,A951,NO COMMENT,11:12
14,A23,NO COMMENT,23:08
14,A920,NO COMMENT,19:02
6,A91,LIKE,3:39
11,A125,UNLIKE,1:47
11,A605,LIKE,10:34
6,A971,UNLIKE,1:32
14,A375,NO COMMENT,16:21
14,A617,LIKE,10:35
13,A897,UNLIKE,22:44
4,A1022,NO COMMENT,15:46
9,A545,LIKE,22:24
3,A378,UNLIKE,3:43
15,A939,NO COMMENT,21:20
10,A1025,NO COMMENT,21:13
5,A417,LIKE,12:40
3,A684,LIKE,17:48
10,A395,NO COMMENT,9:01
6,A215,LIKE,23:04
11,A1011,LIKE,5:23
14,A545,NO COMMENT,5:08
11,A18,LIKE,13:55
6,A739,NO COMMENT,23:52
8,A462,NO COMMENT,22:26
5,A262,NO COMMENT,21:02
14,A386,LIKE,11:05
2,A419,NO COMMENT,4:06
15,A538,UNLIKE,3:49
2,A464,LIKE,10:56
5,A27,UNLIKE,8:31
1,A273,LIKE,1:27
14,A358,NO COMMENT,23:06
15,A603,UNLIKE,19:31
6,A434,UNLIKE,17:05
6,A881,NO COMMENT,9:32
10,A617,UNLIKE,7:22
11,A405,NO COMMENT,11:51
3,A848,UNLIKE,22:18
1,A291,NO COMMENT,18:41
14,A136,UNLIKE,18:47
9,A419,LIKE,5:57
10,A614,NO COMMENT,20:13
12,A600,UNLIKE,4:53
8,A283,NO COMMENT,6:42
2,A848,NO COMMENT,19:27
1,A231,LIKE,10:37
1,A741,NO COMMENT,10:24
9,A637,LIKE,3:21
12,A900,UNLIKE,7:28
6,A443,UNLIKE,20:29
12,A810,NO COMMENT,7:06
10,A208,NO COMMENT,13:16
15,A314,LIKE,0:34
6,A687,UNLIKE,0:01
1,A453,LIKE,15:54
8,A312,LIKE,21:06
15,A821,NO COMMENT,23:34
3,A908,NO COMMENT,21:09
11,A782,NO COMMENT,19:26
10,A158,UNLIKE,18:27
7,A470,UNLIKE,20:35
12,A405,LIKE,9:36
7,A63,UNLIKE,20:07
7,A386,UNLIKE,15:02
12,A619,LIKE,17:57
3,A777,NO COMMENT,4:19
6,A227,LIKE,20:24
2,A190,UNLIKE,8:47
4,A1001,UNLIKE,22:31
6,A190,UNLIKE,1:50
9,A464,UNLIKE,4:04
4,A848,UNLIKE,11:29
9,A704,LIKE,14:55
13,A197,LIKE,1:24
10,A119,NO COMMENT,23:27
1,A577,LIKE,12:54
11,A190,NO COMMENT,11:20
1,A656,UNLIKE,22:27
13,A96,NO COMMENT,15:42
7,A303,UNLIKE,6:34
6,A538,LIKE,18:29
4,A993,NO COMMENT,8:52
13,A285,UNLIKE,12:46
14,A774,LIKE,5:20
14,A237,LIKE,18:33
2,A797,UNLIKE,15:50
7,A105,NO COMMENT,22:02
15,A633,LIKE,9:11
8,A168,NO COMMENT,19:46
6,A504,NO COMMENT,7:02
6,A844,LIKE,10:17
8,A187,LIKE,13:11
5,A713,NO COMMENT,6:15
2,A237,NO COMMENT,12:55
15,A687,LIKE,18:07
4,A432,UNLIKE,15:43
13,A497,LIKE,15:59
9,A355,NO COMMENT,7:35
13,A397,UNLIKE,23:42
6,A797,NO COMMENT,17:04
10,A944,NO COMMENT,9:33
5,A918,UNLIKE,4:40
10,A326,LIKE,11:28
14,A680,LIKE,19:44
7,A690,LIKE,17:05
11,A900,LIKE,10:49
12,A222,UNLIKE,13:03
15,A508,LIKE,2:44
1,A1046,UNLIKE,10:11
9,A741,NO COMMENT,17:50
15,A284,NO COMMENT,11:27
1,A138,LIKE,2:28
7,A844,LIKE,5:32
3,A231,NO COMMENT,15:50
3,A789,NO COMMENT,10:56
1,A292,UNLIKE,15:29
4,A303,NO COMMENT,20:54
8,A927,LIKE,4:05
10,A66,NO COMMENT,8:20
3,A1009,UNLIKE,21:10
8,A946,NO COMMENT,17:22
2,A91,UNLIKE,14:23
15,A05,NO COMMENT,22:17
7,A687,NO COMMENT,15:26
5,A539,UNLIKE,4:07
13,A88,UNLIKE,4:58
8,A140,LIKE,23:35
2,A470,UNLIKE,7:55
5,A396,NO COMMENT,5:16
9,A920,LIKE,9:19
7,A100,LIKE,2:07
14,A924,UNLIKE,2:37
3,A637,UNLIKE,1:47
10,A960,UNLIKE,7:33
11,A987,LIKE,3:41
3,A237,NO COMMENT,9:59
6,A450,LIKE,4:33
2,A407,NO COMMENT,19:26
13,A12,NO COMMENT,22:30
13,A786,NO COMMENT,2:34
1,A323,LIKE,6:43
4,A158,NO COMMENT,3:44
6,A459,LIKE,15:59
13,A113,NO COMMENT,1:56
6,A405,LIKE,6:01
8,A162,UNLIKE,7:45
12,A307,LIKE,3:34
12,A171,LIKE,18:43
5,A566,NO COMMENT,11:29
11,A249,LIKE,22:39
15,A230,NO COMMENT,11:15
13,A434,UNLIKE,16:03
11,A378,UNLIKE,20:35
11,A539,NO COMMENT,8:19
15,A244,UNLIKE,23:55
6,A589,LIKE,22:20
6,A161,NO COMMENT,12:29
11,A47,NO COMMENT,8:42
4,A90,LIKE,11:20
7,A137,UNLIKE,9:39
8,A294,LIKE,22:42
15,A138,UNLIKE,4:24
11,A751,LIKE,23:02
14,A895,UNLIKE,7:10
9,A85,UNLIKE,9:27
13,A1028,NO COMMENT,6:54
2,A882,LIKE,18:08
1,A646,LIKE,4:46
14,A947,LIKE,12:02
6,A829,NO COMMENT,17:12
9,A917,LIKE,9:25
2,A129,NO COMMENT,10:24
12,A491,LIKE,16:32
13,A100,NO COMMENT,15:53
10,A558,LIKE,16:54
11,A148,LIKE,3:14
11,A732,NO COMMENT,17:12
1,A504,LIKE,20:55
7,A661,LIKE,8:34
4,A85,NO COMMENT,10:47
9,A508,UNLIKE,8:18
11,A587,NO COMMENT,18:01
11,A68,NO COMMENT,12:47
9,A616,UNLIKE,9:57
1,A675,LIKE,18:05
4,A839,UNLIKE,12:08
12,A163,UNLIKE,8:25
10,A958,UNLIKE,5:25
3,A852,LIKE,6:59
15,A838,LIKE,14:53
5,A465,UNLIKE,3:01
4,A393,NO COMMENT,16:12
14,A209,LIKE,20:30
6,A192,UNLIKE,21:37
15,A425,UNLIKE,7:54
4,A1002,NO COMMENT,15:46
2,A756,UNLIKE,21:33
5,A171,UNLIKE,14:43
14,A501,LIKE,14:58
2,A322,UNLIKE,19:16
1,A426,UNLIKE,2:03
5,A1008,NO COMMENT,10:55
14,A316,UNLIKE,1:55
15,A144,NO COMMENT,7:35
14,A498,NO COMMENT,18:53
9,A590,NO COMMENT,14:52
14,A840,UNLIKE,18:33
10,A291,LIKE,8:56
14,A154,UNLIKE,21:40
15,A634,NO COMMENT,9:35
6,A879,NO COMMENT,16:17
11,A633,NO COMMENT,5:46
5,A432,NO COMMENT,8:26
3,A366,NO COMMENT,16:49
2,A316,UNLIKE,6:38
5,A708,LIKE,9:06
8,A190,LIKE,18:18
10,A501,LIKE,22:53
6,A203,NO COMMENT,4:19
4,A46,UNLIKE,12:14
3,A838,UNLIKE,10:23
13,A975,UNLIKE,17:25
15,A810,NO COMMENT,4:15
3,A534,UNLIKE,0:37
11,A597,LIKE,18:35
4,A838,NO COMMENT,0:02
2,A263,UNLIKE,6:22
4,A920,LIKE,8:36
14,A549,NO COMMENT,19:35
9,A869,UNLIKE,13:03
4,A938,LIKE,12:15
14,A796,LIKE,12:14
1,A66,LIKE,11:24
4,A678,UNLIKE,22:01
3,A209,LIKE,20:44
5,A213,LIKE,3:57
11,A770,LIKE,7:35
7,A841,NO COMMENT,19:14
9,A358,UNLIKE,0:15
4,A901,NO COMMENT,16:21
2,A620,UNLIKE,21:22
15,A285,LIKE,14:07
8,A412,UNLIKE,21:32
13,A972,LIKE,5:57
7,A728,LIKE,6:45
5,A500,UNLIKE,17:26
7,A696,LIKE,20:56
4,A549,UNLIKE,16:06
12,A894,NO COMMENT,11:08
6,A494,UNLIKE,7:01
8,A900,NO COMMENT,16:55
3,A185,NO COMMENT,16:32
15,A953,NO COMMENT,22:12
8,A690,UNLIKE,20:40
8,A564,LIKE,9:12
10,A111,UNLIKE,5:57
1,A1011,UNLIKE,20:44
4,A416,NO COMMENT,7:33
7,A891,UNLIKE,11:25
9,A173,UNLIKE,22:08
5,A969,LIKE,18:04
12,A698,UNLIKE,19:34
9,A755,UNLIKE,2:19
6,A187,LIKE,23:57
12,A291,UNLIKE,16:04
7,A18,LIKE,23:11
9,A836,NO COMMENT,21:45
4,A14,UNLIKE,21:46
13,A794,NO COMMENT,0:56
13,A135,NO COMMENT,6:23
12,A917,UNLIKE,16:40
2,A116,UNLIKE,20:31
12,A514,NO COMMENT,19:35
6,A930,NO COMMENT,12:31
6,A04,NO COMMENT,7:28
15,A329,LIKE,9:34
8,A548,NO COMMENT,15:06
15,A176,UNLIKE,8:52
4,A939,NO COMMENT,1:58
13,A292,UNLIKE,2:38
11,A577,LIKE,21:35
12,A277,LIKE,22:02
5,A386,UNLIKE,22:12
4,A417,LIKE,22:41
2,A659,UNLIKE,23:33
3,A90,UNLIKE,11:03
8,A896,LIKE,0:11
3,A617,LIKE,19:34
14,A863,UNLIKE,1:51
9,A788,LIKE,3:45
13,A924,NO COMMENT,7:28
12,A569,NO COMMENT,15:55
3,A407,LIKE,19:21
2,A220,LIKE,4:56
15,A892,UNLIKE,22:44
13,A1042,NO COMMENT,16:34
9,A209,UNLIKE,12:42
1,A432,LIKE,4:29
11,A76,NO COMMENT,18:56
5,A55,UNLIKE,18:08
11,A663,UNLIKE,21:58
12,A258,UNLIKE,22:35
2,A443,LIKE,15:13
1,A108,LIKE,9:24
12,A439,LIKE,12:07
10,A520,UNLIKE,22:39
14,A114,NO COMMENT,15:39
11,A690,LIKE,23:07
1,A613,NO COMMENT,15:03
6,A825,UNLIKE,0:13
7,A770,UNLIKE,14:15
10,A100,LIKE,8:35
11,A850,NO COMMENT,10:30
4,A218,NO COMMENT,7:36
1,A631,UNLIKE,12:26
12,A603,LIKE,3:32
9,A107,LIKE,10:56
4,A941,UNLIKE,15:53
7,A589,NO COMMENT,7:53
8,A864,UNLIKE,6:21
11,A286,LIKE,0:29
15,A497,NO COMMENT,0:23
8,A407,UNLIKE,20:53
5,A164,LIKE,23:31
10,A142,UNLIKE,20:53
5,A777,LIKE,19:56
1,A571,LIKE,9:13
2,A207,UNLIKE,8:35
9,A790,NO COMMENT,15:34
4,A797,UNLIKE,9:19
9,A438,UNLIKE,16:10
15,A160,NO COMMENT,17:44
2,A124,UNLIKE,12:59
10,A1010,LIKE,10:45
11,A544,NO COMMENT,4:36
10,A740,LIKE,21:08
9,A656,LIKE,10:39
12,A602,UNLIKE,17:04
3,A219,LIKE,11:17
4,A79,LIKE,19:02
14,A405,NO COMMENT,23:22
6,A1031,LIKE,21:47
10,A884,UNLIKE,12:28
7,A55,NO COMMENT,22:48
10,A371,LIKE,11:23
15,A1010,LIKE,9:03
15,A25,UNLIKE,4:18
13,A915,NO COMMENT,9:48
6,A714,LIKE,15:49
5,A790,UNLIKE,8:56
5,A821,NO COMMENT,8:40
6,A61,NO COMMENT,10:34
5,A166,LIKE,9:13
12,A646,LIKE,7:05
3,A112,NO COMMENT,5:19
14,A579,UNLIKE,15:22
7,A262,UNLIKE,7:34
11,A1028,LIKE,10:02
4,A71,LIKE,23:27
10,A85,UNLIKE,10:59
15,A882,UNLIKE,1:59
8,A974,UNLIKE,7:31
9,A413,NO COMMENT,19:51
4,A214,LIKE,9:34
3,A227,NO COMMENT,0:32
15,A742,LIKE,13:50
2,A308,UNLIKE,17:08
1,A197,NO COMMENT,12:05
7,A544,NO COMMENT,16:19
4,A526,NO COMMENT,17:53
11,A135,UNLIKE,16:42
12,A1011,LIKE,12:33
15,A322,UNLIKE,11:18
15,A879,NO COMMENT,12:20
5,A837,LIKE,5:41
10,A843,NO COMMENT,15:38
12,A46,NO COMMENT,7:44
14,A841,LIKE,9:27
13,A714,NO COMMENT,9:38
10,A608,UNLIKE,19:33
10,A277,UNLIKE,4:31
11,A755,UNLIKE,17:27
11,A589,NO COMMENT,7:18
6,A381,UNLIKE,10:36
3,A33,LIKE,8:04
10,A256,LIKE,20:10
14,A141,UNLIKE,16:21
1,A863,UNLIKE,17:14
2,A1002,UNLIKE,9:16
5,A66,LIKE,9:13
7,A400,NO COMMENT,2:01
4,A302,LIKE,10:51
2,A123,LIKE,22:59
15,A836,UNLIKE,3:45
14,A419,UNLIKE,1:00
5,A329,LIKE,0:48
4,A734,NO COMMENT,3:50
13,A139,LIKE,0:04
2,A1042,UNLIKE,6:37
6,A100,LIKE,14:54
11,A177,NO COMMENT,19:04
5,A734,UNLIKE,12:35
7,A909,NO COMMENT,23:15
11,A70,UNLIKE,5:55
13,A84,LIKE,4:52
2,A635,LIKE,17:19
15,A76,NO COMMENT,19:40
7,A491,NO COMMENT,21:18
13,A419,NO COMMENT,5:50
14,A570,UNLIKE,6:51
7,A482,LIKE,19:24
5,A485,NO COMMENT,1:24
5,A571,NO COMMENT,4:20
4,A56,UNLIKE,14:04
7,A595,UNLIKE,15:31
14,A972,UNLIKE,21:33
3,A741,UNLIKE,1:22
12,A141,LIKE,1:25
5,A314,NO COMMENT,3:41
1,A345,LIKE,6:50
12,A903,LIKE,1:42
2,A192,LIKE,13:38
3,A469,UNLIKE,8:19
10,A439,UNLIKE,20:30
12,A326,UNLIKE,22:12
11,A146,LIKE,23:24
14,A708,UNLIKE,14:21
11,A345,UNLIKE,0:05
8,A739,UNLIKE,20:15
13,A810,LIKE,4:50
7,A577,NO COMMENT,22:43
10,A790,NO COMMENT,10:22
13,A568,LIKE,0:05
9,A105,NO COMMENT,12:05
10,A587,UNLIKE,16:09
2,A747,LIKE,0:21
11,A902,UNLIKE,18:39
10,A303,LIKE,14:01
5,A849,UNLIKE,3:50
2,A112,UNLIKE,10:54
6,A249,LIKE,4:23
14,A930,NO COMMENT,23:40
6,A231,UNLIKE,19:55
1,A798,NO COMMENT,6:58
3,A307,UNLIKE,14:46
6,A79,UNLIKE,6:20
11,A618,LIKE,13:28
14,A575,UNLIKE,9:18
3,A884,NO COMMENT,19:21
2,A214,LIKE,6:43
4,A230,UNLIKE,14:32
4,A294,NO COMMENT,10:20
8,A521,UNLIKE,0:38
4,A45,UNLIKE,15:45
1,A147,UNLIKE,6:14
15,A626,UNLIKE,16:17
9,A200,LIKE,13:52
4,A343,UNLIKE,8:08
12,A485,LIKE,12:28
5,A237,NO COMMENT,12:36
8,A1004,LIKE,1:47
10,A1016,UNLIKE,10:00
4,A623,NO COMMENT,17:45
6,A358,UNLIKE,17:49
8,A39,NO COMMENT,18:01
9,A732,UNLIKE,19:29
4,A459,NO COMMENT,12:44
9,A605,NO COMMENT,3:17
7,A327,NO COMMENT,2:24
1,A629,NO COMMENT,14:50
15,A704,NO COMMENT,12:15
15,A369,NO COMMENT,14:41
13,A18,LIKE,9:32
8,A1006,NO COMMENT,6:09
8,A445,LIKE,5:46
7,A14,UNLIKE,12:46
8,A777,LIKE,20:11
1,A443,LIKE,0:59
12,A858,LIKE,19:20
1,A926,LIKE,16:42
2,A545,NO COMMENT,12:14
5,A901,NO COMMENT,8:05
2,A445,NO COMMENT,2:07
9,A829,UNLIKE,13:57
15,A205,LIKE,17:59
5,A1031,LIKE,14:56
7,A881,UNLIKE,3:52
4,A944,UNLIKE,19:02
14,A892,NO COMMENT,0:09
7,A200,NO COMMENT,19:15
5,A838,NO COMMENT,17:21
2,A229,UNLIKE,11:01
9,A214,LIKE,2:22
14,A66,NO COMMENT,18:58
4,A951,NO COMMENT,23:27
1,A821,NO COMMENT,18:34
11,A739,UNLIKE,19:55
6,A680,NO COMMENT,11:36
8,A881,LIKE,9:43
6,A678,LIKE,9:13
12,A722,NO COMMENT,9:49
11,A661,LIKE,22:37
14,A81,LIKE,17:29
1,A439,LIKE,7:38
11,A637,UNLIKE,21:22
15,A208,LIKE,18:03
13,A572,LIKE,20:09
2,A755,NO COMMENT,11:42
11,A209,LIKE,7:47
7,A843,NO COMMENT,17:28
15,A577,UNLIKE,12:58
1,A209,UNLIKE,2:30
14,A948,UNLIKE,18:13
10,A881,UNLIKE,6:22
12,A841,NO COMMENT,0:31
6,A901,LIKE,11:53
8,A133,LIKE,10:44
2,A977,LIKE,12:31
13,A498,LIKE,1:39
9,A1031,LIKE,23:41
10,A570,UNLIKE,20:10
1,A708,LIKE,2:11
15,A613,UNLIKE,7:44
12,A191,UNLIKE,2:49
15,A899,LIKE,21:21
1,A767,NO COMMENT,2:34
7,A885,UNLIKE,18:40
8,A792,NO COMMENT,6:06
11,A465,NO COMMENT,15:13
14,A252,UNLIKE,14:08
6,A977,LIKE,5:03
12,A972,UNLIKE,18:35
12,A577,NO COMMENT,15:19
1,A502,LIKE,17:27
9,A415,NO COMMENT,0:18
6,A448,UNLIKE,4:46
12,A318,NO COMMENT,16:28
8,A918,NO COMMENT,9:47
5,A851,NO COMMENT,2:12
14,A629,NO COMMENT,21:42
11,A438,UNLIKE,14:33
3,A597,NO COMMENT,11:13
2,A500,LIKE,20:44
3,A356,NO COMMENT,19:56
10,A917,UNLIKE,19:37
1,A659,NO COMMENT,20:54
10,A46,NO COMMENT,12:58
11,A698,NO COMMENT,19:33
2,A895,UNLIKE,14:11
5,A04,NO COMMENT,8:59
1,A360,UNLIKE,10:49
14,A163,UNLIKE,22:56
9,A343,UNLIKE,19:11
10,A472,NO COMMENT,12:44
14,A982,UNLIKE,17:20
15,A432,UNLIKE,22:24
11,A551,NO COMMENT,1:06
13,A798,NO COMMENT,11:00
9,A796,LIKE,2:36
10,A943,UNLIKE,15:55
3,A500,UNLIKE,1:54
9,A614,LIKE,13:29
15,A1039,NO COMMENT,12:56
2,A973,LIKE,1:04
11,A590,LIKE,12:30
6,A742,LIKE,9:33
10,A74,LIKE,9:38
8,A829,NO COMMENT,11:59
12,A851,LIKE,4:02
13,A569,LIKE,9:05
2,A209,NO COMMENT,4:55
4,A654,LIKE,7:38
5,A412,UNLIKE,5:54
15,A318,LIKE,23:12
15,A111,UNLIKE,20:38
11,A903,LIKE,23:24
7,A1002,UNLIKE,15:00
14,A1028,NO COMMENT,3:08
8,A948,UNLIKE,0:32
13,A603,LIKE,5:11
6,A650,UNLIKE,9:59
4,A224,NO COMMENT,17:32
12,A1022,NO COMMENT,6:55
12,A587,NO COMMENT,8:37
2,A849,UNLIKE,0:40
11,A725,UNLIKE,6:49
8,A755,UNLIKE,20:47
10,A1024,NO COMMENT,16:31
2,A18,LIKE,21:51
13,A646,LIKE,20:44
3,A750,LIKE,15:32
5,A68,NO COMMENT,2:23
12,A572,NO COMMENT,2:49
2,A369,UNLIKE,22:45
8,A566,NO COMMENT,12:25
2,A951,UNLIKE,0:29
1,A896,UNLIKE,9:08
13,A312,LIKE,2:25
2,A1008,NO COMMENT,18:42
11,A648,NO COMMENT,0:05
9,A821,NO COMMENT,12:59
6,A415,LIKE,9:32
8,A549,LIKE,4:32
5,A438,NO COMMENT,5:19
7,A852,UNLIKE,17:11
13,A143,UNLIKE,16:24
3,A935,LIKE,4:51
3,A850,NO COMMENT,15:26
9,A70,NO COMMENT,20:50
11,A696,NO COMMENT,19:46
9,A881,UNLIKE,23:41
13,A491,UNLIKE,16:23
2,A792,LIKE,3:18
2,A148,LIKE,7:00
2,A538,NO COMMENT,7:08
5,A185,UNLIKE,14:40
9,A136,UNLIKE,19:45
9,A643,LIKE,9:59
8,A827,UNLIKE,1:44
5,A739,UNLIKE,10:26
5,A146,NO COMMENT,9:25
6,A848,NO COMMENT,4:26
11,A258,UNLIKE,3:37
13,A140,LIKE,11:54
10,A491,UNLIKE,6:23
10,A742,UNLIKE,6:29
10,A453,NO COMMENT,18:26
3,A322,NO COMMENT,22:36
6,A33,LIKE,8:33
6,A262,LIKE,21:57
8,A213,NO COMMENT,5:25
7,A892,UNLIKE,16:01
4,A87,UNLIKE,21:43
2,A794,LIKE,15:11
9,A985,LIKE,15:02
11,A388,UNLIKE,16:35
12,A682,UNLIKE,17:11
15,A430,LIKE,14:29
5,A558,NO COMMENT,21:13
9,A749,UNLIKE,12:31
6,A913,LIKE,6:56
12,A214,UNLIKE,5:45
3,A302,NO COMMENT,12:31
13,A1001,NO COMMENT,12:59
4,A1006,NO COMMENT,16:46
11,A838,LIKE,20:36
10,A448,UNLIKE,21:29
5,A690,UNLIKE,23:29
9,A405,UNLIKE,1:45
14,A1015,UNLIKE,7:16
10,A445,UNLIKE,17:24
1,A634,UNLIKE,6:24
15,A71,LIKE,22:42
6,A499,LIKE,12:34
12,A209,LIKE,22:43
6,A246,NO COMMENT,4:34
1,A64,LIKE,7:23
10,A171,LIKE,7:48
8,A742,NO COMMENT,17:32
6,A806,NO COMMENT,1:37
12,A05,NO COMMENT,5:03
1,A448,UNLIKE,10:23
3,A220,NO COMMENT,14:19
6,A889,UNLIKE,19:56
2,A02,UNLIKE,5:17
1,A396,NO COMMENT,14:03
11,A908,NO COMMENT,19:25
10,A90,NO COMMENT,0:59
9,A1049,NO COMMENT,11:43
11,A928,NO COMMENT,23:16
12,A81,NO COMMENT,1:11
14,A351,LIKE,7:38
5,A147,LIKE,17:53
13,A848,UNLIKE,13:01
5,A955,UNLIKE,16:08
13,A879,LIKE,13:38
12,A478,LIKE,14:13
14,A742,NO COMMENT,20:04
15,A951,LIKE,19:46
1,A485,LIKE,15:33
14,A464,NO COMMENT,14:55
7,A360,LIKE,9:38
2,A810,UNLIKE,12:35
13,A969,NO COMMENT,0:09
10,A651,NO COMMENT,13:37
6,A786,UNLIKE,19:08
4,A569,NO COMMENT,4:14
7,A366,LIKE,18:57
14,A369,LIKE,23:57
14,A322,LIKE,5:47
9,A964,NO COMMENT,9:36
1,A643,LIKE,20:12
6,A623,LIKE,14:00
1,A901,UNLIKE,17:34
4,A786,UNLIKE,4:49
3,A388,NO COMMENT,21:35
10,A130,LIKE,12:43
6,A410,NO COMMENT,17:02
13,A1002,UNLIKE,19:52
3,A404,UNLIKE,21:33
7,A460,LIKE,0:23
9,A400,NO COMMENT,22:54
5,A656,LIKE,3:39
10,A1004,UNLIKE,17:06
12,A249,LIKE,2:17
11,A885,NO COMMENT,22:34
15,A115,NO COMMENT,13:16
5,A356,UNLIKE,0:35
6,A373,LIKE,22:29
15,A312,LIKE,19:12
3,A998,UNLIKE,15:25
5,A108,UNLIKE,5:55
13,A173,UNLIKE,17:47
2,A507,UNLIKE,4:36
9,A489,NO COMMENT,8:17
13,A789,LIKE,18:36
12,A558,LIKE,1:13
11,A943,NO COMMENT,15:03
3,A130,UNLIKE,14:04
5,A178,LIKE,12:39
11,A105,LIKE,15:22
15,A84,UNLIKE,11:09
3,A561,UNLIKE,5:39
13,A262,LIKE,6:38
7,A336,NO COMMENT,6:09
9,A249,NO COMMENT,10:12
10,A388,UNLIKE,14:09
2,A24,LIKE,6:24
9,A125,UNLIKE,5:04
7,A192,NO COMMENT,20:43
3,A926,LIKE,9:26
1,A797,NO COMMENT,0:41
7,A549,NO COMMENT,17:06
5,A577,NO COMMENT,1:49
1,A137,NO COMMENT,9:06
5,A649,LIKE,19:12
14,A381,UNLIKE,6:01
15,A135,NO COMMENT,1:01
13,A374,LIKE,12:06
2,A852,NO COMMENT,2:13
9,A1010,UNLIKE,2:51
15,A723,NO COMMENT,1:17
10,A185,UNLIKE,2:13
1,A425,NO COMMENT,1:19
2,A650,UNLIKE,13:17
14,A124,UNLIKE,18:21
9,A984,UNLIKE,19:03
2,A14,NO COMMENT,21:49
15,A496,UNLIKE,3:52
12,A1002,NO COMMENT,4:40
9,A977,NO COMMENT,2:40
14,A883,NO COMMENT,17:45
1,A572,LIKE,8:29
2,A115,UNLIKE,15:27
14,A824,LIKE,4:43
12,A716,NO COMMENT,12:29
7,A56,LIKE,9:37
2,A850,UNLIKE,7:41
6,A377,UNLIKE,21:14
11,A794,NO COMMENT,2:36
11,A924,UNLIKE,19:49
5,A569,UNLIKE,14:53
12,A465,UNLIKE,1:54
8,A608,LIKE,11:12
4,A811,LIKE,19:58
9,A257,LIKE,22:45
5,A470,NO COMMENT,0:36
13,A46,UNLIKE,15:58
8,A137,NO COMMENT,6:28
15,A133,UNLIKE,11:22
12,A958,LIKE,8:28
9,A95,LIKE,3:42
10,A286,UNLIKE,19:30
9,A1001,NO COMMENT,4:51
3,A46,UNLIKE,1:34
8,A852,UNLIKE,17:24
15,A567,LIKE,2:08
2,A55,UNLIKE,6:59
7,A362,UNLIKE,5:18
12,A794,LIKE,20:21
2,A297,LIKE,9:37
2,A70,LIKE,9:55
1,A130,LIKE,9:03
1,A922,NO COMMENT,9:02
1,A636,NO COMMENT,21:40
12,A1005,LIKE,1:26
11,A215,NO COMMENT,20:38
13,A839,UNLIKE,22:01
1,A216,UNLIKE,9:21
10,A214,UNLIKE,21:06
14,A623,NO COMMENT,5:43
11,A728,LIKE,8:59
10,A839,LIKE,2:50
14,A189,UNLIKE,19:50
14,A356,NO COMMENT,1:11
11,A64,LIKE,19:01
10,A507,LIKE,15:01
9,A407,LIKE,16:07
8,A728,NO COMMENT,17:34
9,A24,NO COMMENT,16:04
2,A1006,LIKE,4:17
8,A849,LIKE,4:14
2,A244,LIKE,6:54
9,A948,UNLIKE,18:59
4,A629,LIKE,12:41
9,A332,UNLIKE,18:28
3,A244,LIKE,17:56
1,A327,UNLIKE,20:09
3,A836,UNLIKE,5:13
10,A279,UNLIKE,2:44
8,A415,LIKE,4:43
9,A213,NO COMMENT,12:51
1,A71,LIKE,23:47
13,A527,UNLIKE,11:30
8,A185,UNLIKE,10:25
1,A1044,NO COMMENT,5:18
8,A903,NO COMMENT,4:07
13,A255,LIKE,11:26
7,A1009,LIKE,13:36
3,A166,LIKE,0:29
7,A255,LIKE,6:11
10,A108,LIKE,11:07
9,A703,NO COMMENT,18:07
4,A637,UNLIKE,12:01
3,A643,LIKE,6:45
14,A424,NO COMMENT,17:20
3,A661,LIKE,6:52
12,A838,NO COMMENT,2:37
10,A143,UNLIKE,19:24
11,A498,UNLIKE,10:36
8,A750,LIKE,20:15
10,A554,UNLIKE,1:19
10,A166,UNLIKE,5:44
10,A373,UNLIKE,15:26
13,A16,LIKE,12:47
13,A55,LIKE,21:24
7,A341,UNLIKE,4:01
4,A843,NO COMMENT,13:11
13,A984,LIKE,1:00
10,A982,NO COMMENT,17:34
7,A789,NO COMMENT,12:01
14,A229,NO COMMENT,12:05
9,A659,UNLIKE,5:14
13,A453,UNLIKE,0:33
8,A631,LIKE,7:59
15,A434,NO COMMENT,18:34
12,A649,UNLIKE,19:56
15,A223,LIKE,13:28
3,A621,NO COMMENT,17:16
4,A587,UNLIKE,20:32
15,A732,UNLIKE,5:02
12,A621,LIKE,1:59
13,A426,NO COMMENT,0:14
14,A903,LIKE,0:34
2,A432,UNLIKE,13:18
12,A620,NO COMMENT,13:46
3,A825,LIKE,2:40
5,A14,NO COMMENT,14:04
5,A646,NO COMMENT,13:07
6,A316,UNLIKE,4:31
2,A487,LIKE,12:29
1,A637,UNLIKE,8:15
9,A775,NO COMMENT,17:15
4,A1011,LIKE,23:26
4,A756,NO COMMENT,1:40
4,A64,LIKE,11:46
14,A855,LIKE,14:34
4,A96,NO COMMENT,7:36
13,A597,LIKE,6:59
4,A443,NO COMMENT,14:08
15,A222,NO COMMENT,2:05
14,A649,UNLIKE,0:18
11,A450,NO COMMENT,13:23
15,A579,NO COMMENT,10:57
9,A487,NO COMMENT,2:51
6,A549,UNLIKE,7:33
5,A96,LIKE,9:09
15,A739,UNLIKE,13:28
4,A504,UNLIKE,10:22
5,A428,NO COMMENT,11:29
12,A714,UNLIKE,17:33
2,A05,NO COMMENT,19:19
15,A47,LIKE,8:59
15,A215,LIKE,2:53
10,A302,UNLIKE,4:02
2,A74,UNLIKE,23:08
3,A766,LIKE,17:36
2,A473,LIKE,0:52
10,A63,UNLIKE,9:45
8,A386,LIKE,6:17
3,A292,UNLIKE,16:01
4,A1008,LIKE,14:58
9,A620,NO COMMENT,20:52
2,A381,NO COMMENT,13:47
4,A374,UNLIKE,1:54
11,A231,NO COMMENT,15:06
2,A242,UNLIKE,10:28
14,A571,NO COMMENT,0:12
4,A318,NO COMMENT,18:33
11,A1015,UNLIKE,13:17
13,A375,UNLIKE,10:07
9,A443,LIKE,1:18
1,A424,NO COMMENT,14:30
11,A603,UNLIKE,6:55
2,A972,UNLIKE,20:06
6,A76,NO COMMENT,14:06
12,A974,NO COMMENT,15:20
11,A100,UNLIKE,5:05
10,A1039,UNLIKE,0:22
10,A410,NO COMMENT,0:23
11,A410,UNLIKE,12:11
4,A680,NO COMMENT,12:54
11,A932,NO COMMENT,12:16
11,A982,NO COMMENT,16:22
8,A105,LIKE,18:09
5,A317,NO COMMENT,7:17
7,A377,NO COMMENT,3:39
5,A1022,UNLIKE,7:16
5,A365,UNLIKE,8:17
11,A526,LIKE,11:45
4,A747,NO COMMENT,19:47
11,A946,LIKE,23:48
11,A710,NO COMMENT,3:52
4,A1005,UNLIKE,2:48
9,A852,NO COMMENT,10:10
2,A221,LIKE,5:17
13,A119,UNLIKE,5:38
10,A229,UNLIKE,12:07
4,A57,UNLIKE,18:48
6,A209,NO COMMENT,15:09
8,A696,NO COMMENT,11:51
11,A1025,UNLIKE,10:00
4,A355,NO COMMENT,10:53
8,A1001,LIKE,21:05
7,A161,UNLIKE,5:56
4,A263,UNLIKE,18:01
12,A316,LIKE,4:10
2,A35,LIKE,18:27
4,A675,LIKE,2:30
4,A211,LIKE,7:25
10,A464,LIKE,7:51
4,A644,LIKE,5:05
6,A224,LIKE,1:04
8,A619,NO COMMENT,13:02
9,A47,UNLIKE,22:08
14,A590,UNLIKE,9:03
1,A678,UNLIKE,5:55
1,A111,LIKE,10:28
15,A66,NO COMMENT,9:36
11,A197,NO COMMENT,17:39
9,A1009,NO COMMENT,12:05
4,A928,LIKE,1:30
2,A255,NO COMMENT,11:22
2,A617,UNLIKE,18:48
13,A377,LIKE,3:23
3,A708,LIKE,10:02
5,A407,LIKE,2:38
11,A917,NO COMMENT,16:54
7,A740,UNLIKE,19:13
11,A477,LIKE,19:11
4,A187,UNLIKE,6:54
12,A520,LIKE,8:21
4,A635,UNLIKE,1:22
5,A647,NO COMMENT,3:19
11,A497,NO COMMENT,23:04
6,A616,LIKE,8:29
8,A825,NO COMMENT,2:58
3,A84,LIKE,7:40
10,A682,LIKE,20:23
8,A416,LIKE,10:15
4,A518,LIKE,2:44
12,A497,NO COMMENT,15:28
6,A45,UNLIKE,21:53
9,A982,UNLIKE,9:59
14,A739,LIKE,6:13
10,A649,UNLIKE,3:33
7,A229,NO COMMENT,15:48
4,A192,LIKE,5:46
14,A107,UNLIKE,6:56
1,A549,NO COMMENT,12:59
13,A459,LIKE,20:24
14,A257,LIKE,16:53
2,A143,LIKE,1:39
9,A500,LIKE,9:51
11,A499,UNLIKE,9:28
4,A336,UNLIKE,6:58
8,A1042,UNLIKE,2:57
3,A215,LIKE,11:15
11,A713,LIKE,8:25
3,A971,NO COMMENT,7:12
6,A597,UNLIKE,15:17
7,A237,LIKE,0:25
2,A450,LIKE,21:32
6,A869,NO COMMENT,1:38
7,A561,UNLIKE,1:04
6,A561,NO COMMENT,15:05
5,A944,NO COMMENT,8:40
9,A459,UNLIKE,6:47
6,A804,NO COMMENT,2:56
3,A953,NO COMMENT,14:59
2,A425,NO COMMENT,1:19
14,A93,NO COMMENT,16:55
1,A70,UNLIKE,16:27
2,A107,LIKE,22:13
12,A987,NO COMMENT,15:01
5,A742,UNLIKE,11:47
15,A410,LIKE,8:14
13,A424,UNLIKE,9:27
9,A112,LIKE,8:33
10,A284,LIKE,23:00
9,A71,LIKE,1:36
15,A811,NO COMMENT,17:17
2,A45,NO COMMENT,9:25
8,A119,LIKE,1:51
10,A566,LIKE,9:40
8,A617,UNLIKE,16:57
10,A441,LIKE,18:45
12,A595,UNLIKE,14:26
8,A554,LIKE,1:50
1,A647,LIKE,4:24
13,A613,NO COMMENT,18:30
10,A891,NO COMMENT,4:42
1,A654,LIKE,20:01
15,A786,NO COMMENT,3:44
15,A767,LIKE,2:40
13,A395,LIKE,4:26
12,A02,LIKE,15:37
5,A852,LIKE,12:05
3,A472,UNLIKE,15:41
8,A473,UNLIKE,16:57
1,A829,NO COMMENT,15:51
6,A603,NO COMMENT,18:10
4,A404,UNLIKE,20:33
5,A626,NO COMMENT,13:49
8,A351,UNLIKE,10:50
11,A55,UNLIKE,4:38
11,A790,NO COMMENT,9:03
13,A306,UNLIKE,15:02
8,A713,UNLIKE,1:30
13,A405,UNLIKE,5:06
13,A1011,NO COMMENT,0:17
8,A393,NO COMMENT,23:42
5,A600,LIKE,20:57
12,A881,LIKE,20:56
6,A621,UNLIKE,10:56
7,A66,UNLIKE,7:47
1,A400,NO COMMENT,14:12
10,A964,NO COMMENT,1:40
9,A289,NO COMMENT,4:31
6,A845,LIKE,7:12
11,A1016,LIKE,0:54
11,A256,UNLIKE,19:49
10,A366,LIKE,23:02
12,A687,UNLIKE,9:47
1,A413,UNLIKE,14:27
3,A917,NO COMMENT,16:55
7,A501,LIKE,17:02
3,A804,UNLIKE,12:37
8,A1044,NO COMMENT,8:54
4,A123,UNLIKE,6:29
11,A977,LIKE,8:27
5,A996,NO COMMENT,7:11
12,A703,UNLIKE,17:17
1,A362,LIKE,12:58
5,A95,LIKE,13:11
1,A173,UNLIKE,22:26
6,A18,LIKE,21:16
7,A318,NO COMMENT,20:44
11,A892,UNLIKE,18:23
2,A804,LIKE,18:46
14,A913,NO COMMENT,14:37
15,A554,LIKE,9:12
13,A526,LIKE,17:47
5,A554,UNLIKE,8:00
14,A631,LIKE,16:34
15,A334,UNLIKE,20:12
15,A804,NO COMMENT,9:11
6,A160,NO COMMENT,6:50
7,A478,UNLIKE,23:27
5,A114,UNLIKE,6:11
5,A159,NO COMMENT,13:51
11,A05,NO COMMENT,10:40
8,A840,UNLIKE,13:16
4,A160,NO COMMENT,1:14
8,A28,UNLIKE,8:18
15,A663,UNLIKE,7:29
6,A568,LIKE,11:57
6,A647,UNLIKE,0:26
9,A600,LIKE,20:51
5,A659,LIKE,17:23
3,A572,NO COMMENT,21:41
7,A345,LIKE,3:48
4,A915,NO COMMENT,19:34
5,A302,UNLIKE,3:34
11,A343,UNLIKE,21:02
4,A09,LIKE,23:20
2,A766,NO COMMENT,11:52
11,A964,UNLIKE,1:43
13,A256,LIKE,23:54
14,A473,UNLIKE,11:04
1,A548,NO COMMENT,17:21
15,A378,UNLIKE,3:48
6,A521,UNLIKE,0:51
8,A443,UNLIKE,9:08
14,A953,LIKE,21:58
14,A566,UNLIKE,11:20
9,A377,LIKE,22:28
6,A244,LIKE,3:58
5,A810,UNLIKE,17:27
4,A930,NO COMMENT,10:24
14,A520,UNLIKE,20:33
1,A263,UNLIKE,3:30
1,A742,UNLIKE,4:47
13,A334,NO COMMENT,3:34
10,A216,LIKE,13:17
13,A514,LIKE,9:50
15,A93,UNLIKE,13:26
4,A534,LIKE,10:51
12,A374,UNLIKE,3:28
8,A90,UNLIKE,4:02
8,A998,UNLIKE,9:51
6,A211,LIKE,0:17
4,A821,NO COMMENT,21:03
7,A739,LIKE,0:08
15,A252,NO COMMENT,6:31
15,A227,LIKE,17:08
1,A1049,NO COMMENT,16:53
8,A786,LIKE,22:16
11,A166,UNLIKE,14:29
4,A108,NO COMMENT,17:12
7,A564,UNLIKE,5:28
9,A1008,UNLIKE,22:01
2,A621,NO COMMENT,22:08
4,A105,UNLIKE,6:07
15,A654,LIKE,13:45
2,A111,NO COMMENT,10:50
14,A428,UNLIKE,21:35
2,A200,NO COMMENT,18:36
11,A185,UNLIKE,11:25
5,A67,LIKE,4:59
3,A255,LIKE,1:00
9,A04,NO COMMENT,2:59
15,A840,UNLIKE,22:07
9,A475,NO COMMENT,1:00
6,A68,NO COMMENT,8:21
10,A244,UNLIKE,23:11
14,A359,UNLIKE,9:33
7,A428,LIKE,2:40
14,A572,UNLIKE,2:21
1,A501,UNLIKE,17:05
4,A589,UNLIKE,14:49
15,A549,NO COMMENT,2:22
6,A25,NO COMMENT,10:26
11,A469,UNLIKE,2:32
3,A883,NO COMMENT,3:24
12,A647,NO COMMENT,15:19
10,A633,LIKE,13:19
9,A496,NO COMMENT,6:44
8,A633,NO COMMENT,16:09
14,A61,UNLIKE,11:33
8,A635,LIKE,22:48
13,A317,LIKE,6:48
6,A982,UNLIKE,13:12
15,A1031,UNLIKE,11:50
6,A894,UNLIKE,12:28
15,A589,UNLIKE,16:38
7,A61,NO COMMENT,0:51
6,A722,UNLIKE,0:48
13,A359,UNLIKE,8:11
7,A747,LIKE,14:22
4,A136,LIKE,14:29
5,A123,UNLIKE,10:20
10,A889,LIKE,19:26
14,A87,UNLIKE,15:25
11,A668,LIKE,17:20
7,A583,LIKE,20:46
8,A18,UNLIKE,19:04
7,A168,UNLIKE,23:05
3,A377,UNLIKE,17:11
11,A341,NO COMMENT,11:43
1,A869,LIKE,21:57
11,A400,NO COMMENT,9:38
13,A378,LIKE,6:17
9,A939,NO COMMENT,19:21
11,A27,NO COMMENT,14:18
11,A975,UNLIKE,23:40
13,A81,NO COMMENT,8:57
1,A356,NO COMMENT,21:17
2,A917,LIKE,23:37
1,A205,LIKE,6:35
8,A788,NO COMMENT,6:21
12,A165,LIKE,3:23
15,A341,LIKE,9:02
14,A810,UNLIKE,22:22
13,A705,LIKE,20:04
13,A185,UNLIKE,18:58
13,A214,LIKE,14:45
1,A887,NO COMMENT,6:38
12,A119,UNLIKE,4:27
4,A177,UNLIKE,16:26
1,A326,NO COMMENT,19:01
15,A381,LIKE,20:24
10,A837,UNLIKE,5:24
2,A142,NO COMMENT,8:53
9,A224,NO COMMENT,21:12
1,A595,LIKE,9:55
1,A79,UNLIKE,11:36
9,A894,UNLIKE,18:12
14,A705,UNLIKE,0:17
15,A922,NO COMMENT,18:08
4,A205,LIKE,0:12
13,A644,LIKE,5:51
3,A656,NO COMMENT,6:23
7,A734,UNLIKE,15:26
13,A130,NO COMMENT,14:10
7,A258,LIKE,12:32
13,A605,LIKE,13:17
1,A655,LIKE,18:41
12,A76,LIKE,0:51
9,A58,NO COMMENT,22:32
15,A996,NO COMMENT,2:10
14,A25,NO COMMENT,13:08
3,A899,LIKE,13:44
6,A341,UNLIKE,16:49
8,A971,UNLIKE,20:27
8,A42,NO COMMENT,12:48
8,A237,LIKE,1:32
12,A913,NO COMMENT,4:56
8,A279,NO COMMENT,10:56
7,A863,NO COMMENT,14:42
6,A136,LIKE,5:32
6,A162,NO COMMENT,0:47
5,A307,UNLIKE,6:51
6,A453,LIKE,8:24
3,A242,NO COMMENT,14:24
3,A938,LIKE,10:27
12,A62,UNLIKE,21:15
8,A716,UNLIKE,18:22
7,A454,NO COMMENT,10:12
5,A12,LIKE,9:29
11,A961,LIKE,4:18
15,A534,NO COMMENT,22:14
15,A268,UNLIKE,11:58
6,A154,NO COMMENT,22:48
13,A887,NO COMMENT,13:06
13,A487,LIKE,1:07
1,A294,LIKE,18:26
9,A326,UNLIKE,7:30
3,A211,NO COMMENT,23:55
12,A928,LIKE,17:24
15,A185,NO COMMENT,16:57
12,A473,UNLIKE,8:57
12,A944,LIKE,13:34
5,A589,LIKE,7:40
14,A263,NO COMMENT,23:47
12,A955,LIKE,19:46
7,A108,UNLIKE,4:45
4,A887,UNLIKE,10:00
9,A1005,LIKE,23:17
8,A882,LIKE,7:58
13,A1005,LIKE,23:11
6,A147,NO COMMENT,7:18
11,A58,UNLIKE,14:58
3,A1005,LIKE,11:44
6,A216,UNLIKE,22:45
15,A797,LIKE,17:06
10,A915,UNLIKE,3:28
11,A999,UNLIKE,11:48
8,A58,LIKE,6:00
15,A231,NO COMMENT,15:27
7,A799,LIKE,17:23
15,A777,UNLIKE,21:20
5,A03,LIKE,15:55
8,A362,NO COMMENT,12:13
3,A811,UNLIKE,7:32
11,A85,UNLIKE,22:40
10,A323,UNLIKE,1:31
1,A166,UNLIKE,21:12
14,A443,NO COMMENT,2:30
15,A146,NO COMMENT,13:34
3,A335,NO COMMENT,19:50
8,A476,NO COMMENT,5:33
13,A567,NO COMMENT,14:56
4,A238,NO COMMENT,15:25
4,A208,NO COMMENT,21:40
6,A816,NO COMMENT,14:47
8,A973,UNLIKE,17:56
4,A902,LIKE,9:45
14,A727,LIKE,7:32
12,A482,LIKE,18:00
4,A308,UNLIKE,0:59
4,A948,NO COMMENT,7:40
11,A129,LIKE,18:14
6,A306,UNLIKE,4:37
4,A185,UNLIKE,15:10
11,A680,NO COMMENT,0:50
7,A374,LIKE,21:02
1,A985,NO COMMENT,7:23
10,A892,UNLIKE,21:06
7,A1004,UNLIKE,14:38
2,A1022,UNLIKE,16:40
2,A113,NO COMMENT,20:35
5,A141,LIKE,8:55
3,A45,NO COMMENT,0:34
12,A388,NO COMMENT,7:58
3,A229,NO COMMENT,23:30
8,A438,UNLIKE,4:52
6,A445,LIKE,10:43
10,A600,LIKE,2:25
3,A133,LIKE,6:48
4,A222,NO COMMENT,9:47
15,A696,NO COMMENT,8:07
13,A913,LIKE,1:02
5,A935,UNLIKE,18:21
8,A35,UNLIKE,5:28
9,A277,UNLIKE,23:29
6,A454,NO COMMENT,6:43
4,A626,LIKE,10:05
10,A192,NO COMMENT,1:11
6,A242,LIKE,12:27
15,A62,LIKE,11:27
1,A899,NO COMMENT,16:46
12,A864,UNLIKE,22:52
11,A792,UNLIKE,13:17
15,A755,NO COMMENT,1:53
10,A727,LIKE,15:55
1,A975,NO COMMENT,2:51
4,A494,LIKE,15:38
11,A723,LIKE,5:29
11,A1022,NO COMMENT,5:24
12,A04,NO COMMENT,20:10
10,A648,NO COMMENT,8:01
1,A306,NO COMMENT,13:59
1,A218,UNLIKE,6:28
1,A597,LIKE,2:11
15,A650,LIKE,10:52
11,A514,NO COMMENT,0:04
4,A229,LIKE,2:18
3,A993,LIKE,1:54
10,A314,UNLIKE,1:07
4,A796,UNLIKE,1:42
2,A566,UNLIKE,13:18
9,A902,UNLIKE,16:50
12,A654,NO COMMENT,22:48
10,A984,LIKE,15:01
10,A788,NO COMMENT,12:54
8,A434,NO COMMENT,15:45
9,A663,LIKE,6:38
1,A841,NO COMMENT,1:29
11,A475,NO COMMENT,22:56
14,A294,LIKE,4:42
4,A1044,UNLIKE,8:48
13,A928,LIKE,16:27
1,A143,UNLIKE,13:15
14,A112,LIKE,16:45
15,A789,UNLIKE,11:23
7,A06,UNLIKE,8:52
2,A441,NO COMMENT,13:24
9,A45,UNLIKE,0:06
9,A618,UNLIKE,10:10
14,A58,NO COMMENT,2:39
12,A971,NO COMMENT,15:13
6,A899,NO COMMENT,2:15
14,A116,LIKE,2:29
14,A453,LIKE,23:32
3,A1018,LIKE,18:34
15,A960,NO COMMENT,23:53
10,A538,LIKE,7:20
14,A799,LIKE,2:36
1,A85,NO COMMENT,3:49
4,A955,UNLIKE,10:14
10,A777,NO COMMENT,22:46
8,A901,UNLIKE,7:25
4,A415,LIKE,8:23
14,A18,UNLIKE,23:18
9,A839,NO COMMENT,7:52
6,A756,NO COMMENT,11:30
1,A255,LIKE,20:13
15,A112,UNLIKE,22:11
11,A1018,UNLIKE,21:44
6,A213,NO COMMENT,11:32
10,A756,NO COMMENT,12:34
3,A732,UNLIKE,16:41
5,A57,NO COMMENT,12:09
10,A173,UNLIKE,19:23
5,A177,NO COMMENT,3:59
10,A924,NO COMMENT,6:56
2,A790,UNLIKE,20:31
1,A159,UNLIKE,8:01
15,A619,UNLIKE,10:32
9,A23,UNLIKE,13:27
12,A1016,UNLIKE,1:47
1,A1043,UNLIKE,20:25
2,A303,NO COMMENT,22:26
9,A777,NO COMMENT,9:42
5,A903,NO COMMENT,5:03
5,A373,UNLIKE,22:08
4,A854,UNLIKE,13:52
12,A678,UNLIKE,20:56
13,A619,LIKE,13:50
10,A138,NO COMMENT,8:02
8,A459,NO COMMENT,20:08
5,A716,UNLIKE,16:24
9,A851,LIKE,4:25
15,A482,NO COMMENT,7:26
13,A362,LIKE,0:03
9,A913,NO COMMENT,19:12
7,A359,LIKE,7:49
11,A938,NO COMMENT,17:42
12,A393,LIKE,16:02
10,A133,NO COMMENT,18:59
5,A255,UNLIKE,8:05
6,A570,NO COMMENT,3:10
5,A637,LIKE,6:05
14,A205,NO COMMENT,16:42
5,A06,LIKE,9:31
6,A115,NO COMMENT,8:18
15,A648,LIKE,3:52
1,A316,LIKE,22:07
9,A619,LIKE,16:19
8,A88,NO COMMENT,19:35
4,A42,NO COMMENT,20:43
3,A854,NO COMMENT,13:07
3,A62,UNLIKE,7:45
5,A292,LIKE,22:44
12,A224,UNLIKE,2:36
2,A362,LIKE,3:49
10,A230,NO COMMENT,3:18
1,A104,LIKE,18:39
6,A774,NO COMMENT,13:09
2,A961,UNLIKE,9:30
8,A507,UNLIKE,3:23
15,A108,LIKE,1:24
2,A1015,NO COMMENT,22:06
4,A189,UNLIKE,19:11
15,A441,UNLIKE,4:30
10,A03,UNLIKE,16:35
14,A589,UNLIKE,2:58
6,A404,UNLIKE,11:06
12,A782,NO COMMENT,2:41
7,A224,LIKE,12:40
6,A318,UNLIKE,20:46
5,A268,NO COMMENT,4:19
14,A450,LIKE,12:23
13,A608,LIKE,8:42
15,A214,LIKE,10:22
2,A856,LIKE,22:10
9,A675,NO COMMENT,19:35
2,A732,NO COMMENT,2:07
14,A732,UNLIKE,22:58
12,A884,LIKE,20:55
15,A698,NO COMMENT,6:07
9,A203,UNLIKE,1:56
13,A42,LIKE,2:28
6,A741,UNLIKE,20:55
3,A1028,LIKE,13:55
7,A569,LIKE,20:31
12,A1020,NO COMMENT,18:10
8,A634,NO COMMENT,19:14
11,A602,NO COMMENT,4:53
9,A960,LIKE,10:36
13,A366,LIKE,13:19
3,A439,UNLIKE,20:41
3,A855,NO COMMENT,21:07
6,A135,LIKE,2:01
10,A306,LIKE,16:02
12,A270,NO COMMENT,5:45
1,A789,UNLIKE,4:31
12,A951,NO COMMENT,19:36
15,A213,UNLIKE,1:20
13,A838,NO COMMENT,1:17
3,A323,UNLIKE,10:12
14,A129,NO COMMENT,4:12
5,A841,LIKE,15:32
8,A585,UNLIKE,21:11
12,A355,LIKE,13:36
8,A892,LIKE,12:14
6,A892,LIKE,12:50
12,A294,UNLIKE,5:43
11,A301,LIKE,10:03
15,A782,UNLIKE,14:51
1,A140,LIKE,16:46
8,A964,LIKE,8:23
1,A526,NO COMMENT,7:19
1,A999,LIKE,22:17
10,A900,NO COMMENT,6:34
8,A661,NO COMMENT,16:22
3,A191,UNLIKE,15:26
3,A619,NO COMMENT,4:16
6,A659,LIKE,8:01
8,A494,LIKE,6:33
7,A177,LIKE,12:01
13,A39,NO COMMENT,21:33
14,A178,NO COMMENT,22:04
5,A62,LIKE,8:26
9,A774,UNLIKE,7:08
5,A939,LIKE,15:04
13,A575,LIKE,23:48
3,A650,NO COMMENT,16:14
4,A291,LIKE,6:51
15,A894,LIKE,23:48
6,A856,UNLIKE,4:15
9,A539,NO COMMENT,5:37
15,A796,NO COMMENT,22:26
6,A478,LIKE,12:32
3,A592,NO COMMENT,20:27
10,A841,UNLIKE,4:02
14,A88,LIKE,8:05
4,A749,UNLIKE,10:05
6,A926,UNLIKE,12:15
9,A889,LIKE,17:14
7,A1024,NO COMMENT,21:07
3,A837,LIKE,19:24
6,A355,UNLIKE,13:36
5,A1005,LIKE,2:40
13,A626,NO COMMENT,14:37
6,A696,UNLIKE,12:26
13,A476,UNLIKE,11:30
8,A850,UNLIKE,15:40
6,A219,UNLIKE,10:02
10,A249,NO COMMENT,13:52
9,A221,NO COMMENT,17:05
6,A915,LIKE,15:44
12,A1031,LIKE,1:48
3,A915,LIKE,1:02
9,A725,LIKE,15:51
1,A161,UNLIKE,8:41
13,A881,LIKE,5:18
9,A850,NO COMMENT,0:26
3,A28,UNLIKE,16:25
14,A932,NO COMMENT,8:35
1,A154,LIKE,0:56
9,A108,UNLIKE,18:17
7,A220,NO COMMENT,3:21
9,A166,NO COMMENT,9:46
3,A283,UNLIKE,7:50
11,A220,UNLIKE,7:27
1,A177,NO COMMENT,19:34
1,A47,LIKE,21:36
5,A561,UNLIKE,12:42
4,A482,UNLIKE,2:28
13,A297,UNLIKE,23:05
3,A176,UNLIKE,7:53
7,A369,LIKE,20:22
2,A133,UNLIKE,7:20
7,A27,LIKE,23:19
9,A57,NO COMMENT,11:49
3,A256,UNLIKE,8:13
1,A932,NO COMMENT,19:22
8,A557,LIKE,4:17
11,A643,UNLIKE,20:44
10,A227,NO COMMENT,4:16
12,A448,UNLIKE,3:11
14,A856,LIKE,0:00
8,A74,UNLIKE,6:03
6,A108,UNLIKE,19:01
5,A47,NO COMMENT,18:01
2,A548,LIKE,20:47
13,A171,UNLIKE,17:23
10,A930,NO COMMENT,17:06
5,A999,NO COMMENT,11:03
14,A1020,UNLIKE,22:15
14,A35,NO COMMENT,13:33
8,A821,NO COMMENT,7:31
5,A316,UNLIKE,15:47
9,A90,LIKE,9:21
3,A636,NO COMMENT,16:30
14,A816,LIKE,2:48
3,A897,LIKE,10:36
11,A659,LIKE,0:40
15,A655,UNLIKE,16:18
15,A500,UNLIKE,17:57
7,A629,NO COMMENT,21:51
4,A741,NO COMMENT,13:34
13,A985,LIKE,9:10
10,A767,NO COMMENT,14:57
8,A1046,NO COMMENT,11:27
2,A25,NO COMMENT,23:48
7,A855,UNLIKE,1:49
7,A450,NO COMMENT,0:43
11,A366,UNLIKE,22:44
15,A355,NO COMMENT,5:58
13,A106,LIKE,16:05
4,A133,LIKE,11:02
5,A359,UNLIKE,6:57
6,A200,NO COMMENT,19:03
13,A1044,LIKE,23:34
3,A600,NO COMMENT,19:37
1,A585,UNLIKE,19:02
7,A320,NO COMMENT,1:48
8,A714,NO COMMENT,19:04
3,A827,LIKE,13:37
12,A136,UNLIKE,15:00
14,A1018,LIKE,14:32
8,A78,NO COMMENT,3:42
15,A187,UNLIKE,8:58
9,A569,UNLIKE,21:18
14,A526,NO COMMENT,6:00
13,A896,NO COMMENT,21:57
7,A87,NO COMMENT,9:28
9,A477,UNLIKE,1:08
10,A260,UNLIKE,4:04
10,A347,UNLIKE,23:32
13,A987,NO COMMENT,5:24
3,A711,LIKE,3:50
11,A74,UNLIKE,3:23
11,A675,UNLIKE,8:40
6,A749,NO COMMENT,2:20
12,A811,NO COMMENT,2:54
5,A142,LIKE,9:12
12,A286,LIKE,8:47
15,A487,NO COMMENT,6:51
5,A623,NO COMMENT,2:49
3,A465,UNLIKE,12:38
2,A663,UNLIKE,7:43
9,A841,UNLIKE,11:51
1,A213,NO COMMENT,23:29
7,A902,UNLIKE,5:33
15,A445,LIKE,13:23
15,A317,NO COMMENT,23:52
4,A491,NO COMMENT,14:12
6,A475,UNLIKE,21:32
10,A365,LIKE,10:27
13,A1031,NO COMMENT,14:10
13,A112,UNLIKE,22:31
3,A646,NO COMMENT,2:21
4,A114,LIKE,23:29
11,A25,UNLIKE,11:16
6,A634,NO COMMENT,4:59
1,A915,LIKE,19:14
4,A798,LIKE,3:12
11,A973,LIKE,19:41
2,A501,NO COMMENT,14:32
8,A136,UNLIKE,9:31
3,A332,LIKE,11:56
12,A320,LIKE,6:19
11,A654,NO COMMENT,12:38
12,A301,LIKE,7:50
15,A623,UNLIKE,1:55
1,A600,UNLIKE,5:39
4,A521,LIKE,16:52
7,A648,NO COMMENT,3:34
1,A374,NO COMMENT,9:54
4,A969,LIKE,10:33
1,A663,NO COMMENT,1:25
7,A614,UNLIKE,10:00
1,A410,NO COMMENT,18:43
9,A885,LIKE,0:36
9,A25,LIKE,16:49
14,A917,UNLIKE,18:38
10,A829,LIKE,1:37
3,A774,UNLIKE,2:50
5,A926,NO COMMENT,12:10
7,A45,NO COMMENT,21:20
5,A621,LIKE,19:01
7,A974,NO COMMENT,13:05
9,A1016,UNLIKE,11:19
9,A518,UNLIKE,13:19
4,A926,LIKE,8:18
7,A135,LIKE,12:05
13,A728,NO COMMENT,6:17
9,A171,LIKE,0:11
6,A378,NO COMMENT,19:44
1,A393,NO COMMENT,19:09
11,A703,NO COMMENT,20:18
3,A728,UNLIKE,15:35
12,A544,NO COMMENT,16:00
8,A899,LIKE,3:19
15,A747,NO COMMENT,4:02
2,A178,LIKE,6:27
5,A189,UNLIKE,0:40
8,A1005,NO COMMENT,5:54
15,A16,NO COMMENT,13:51
6,A386,UNLIKE,20:02
4,A448,NO COMMENT,3:43
13,A534,NO COMMENT,21:37
11,A144,UNLIKE,19:54
11,A221,UNLIKE,12:23
3,A521,NO COMMENT,20:20
7,A806,UNLIKE,17:21
5,A1001,LIKE,2:29
7,A292,UNLIKE,23:09
9,A211,UNLIKE,12:54
12,A505,UNLIKE,3:02
12,A200,UNLIKE,23:48
1,A882,NO COMMENT,5:27
15,A867,LIKE,20:15
1,A722,LIKE,17:12
8,A254,UNLIKE,16:13
8,A114,UNLIKE,19:16
12,A428,LIKE,17:33
12,A144,UNLIKE,15:36
7,A587,NO COMMENT,7:54
15,A659,UNLIKE,9:21
7,A527,UNLIKE,12:05
1,A635,NO COMMENT,0:45
7,A430,UNLIKE,19:43
13,A244,UNLIKE,5:52
12,A899,UNLIKE,22:37
12,A115,UNLIKE,13:16
13,A659,NO COMMENT,17:25
14,A341,LIKE,15:30
11,A137,NO COMMENT,22:40
9,A104,LIKE,18:35
6,A637,UNLIKE,3:42
15,A262,NO COMMENT,22:18
2,A03,LIKE,14:34
6,A218,NO COMMENT,2:18
3,A168,NO COMMENT,18:31
5,A891,UNLIKE,5:02
10,A91,NO COMMENT,13:34
7,A941,LIKE,1:27
15,A469,UNLIKE,1:01
14,A200,UNLIKE,3:34
12,A518,NO COMMENT,4:35
12,A375,NO COMMENT,17:07
5,A450,LIKE,11:12
12,A964,LIKE,2:28
15,A428,UNLIKE,19:26
11,A257,UNLIKE,19:08
2,A716,UNLIKE,17:29
4,A788,UNLIKE,17:39
5,A294,NO COMMENT,1:55
14,A96,UNLIKE,6:50
5,A544,NO COMMENT,2:12
14,A838,NO COMMENT,4:45
7,A500,UNLIKE,6:24
3,A545,LIKE,0:33
3,A268,NO COMMENT,20:47
15,A91,NO COMMENT,12:20
13,A129,UNLIKE,20:31
1,A302,UNLIKE,7:11
1,A258,LIKE,0:09
7,A623,UNLIKE,21:42
12,A459,UNLIKE,11:16
4,A168,LIKE,8:40
3,A856,UNLIKE,7:12
7,A138,NO COMMENT,16:48
13,A409,UNLIKE,8:49
4,A329,NO COMMENT,22:37
10,A636,LIKE,6:42
5,A320,NO COMMENT,0:28
6,A130,UNLIKE,21:54
13,A289,LIKE,0:30
13,A651,UNLIKE,21:19
9,A78,UNLIKE,6:33
13,A147,NO COMMENT,2:53
8,A256,LIKE,2:44
7,A209,NO COMMENT,23:44
14,A996,LIKE,16:21
8,A104,NO COMMENT,22:52
6,A255,NO COMMENT,20:06
12,A924,LIKE,2:01
5,A845,NO COMMENT,21:38
2,A561,NO COMMENT,21:06
15,A147,UNLIKE,10:56
10,A602,UNLIKE,11:06
12,A147,LIKE,21:05
12,A527,UNLIKE,2:51
6,A1010,LIKE,21:05
7,A249,NO COMMENT,18:01
1,A278,UNLIKE,23:13
11,A899,UNLIKE,2:09
10,A883,UNLIKE,9:50
14,A806,UNLIKE,10:26
8,A930,UNLIKE,7:29
1,A107,UNLIKE,2:15
10,A301,NO COMMENT,19:31
11,A237,LIKE,18:14
10,A415,UNLIKE,1:45
10,A369,UNLIKE,1:08
13,A64,UNLIKE,23:34
5,A475,LIKE,20:52
12,A1044,NO COMMENT,8:50
9,A445,UNLIKE,0:10
14,A668,UNLIKE,22:18
10,A81,NO COMMENT,23:42
15,A197,UNLIKE,1:10
13,A302,LIKE,13:41
10,A569,UNLIKE,20:10
3,A371,NO COMMENT,9:11
1,A470,LIKE,5:51
11,A106,LIKE,1:20
3,A902,UNLIKE,9:36
1,A849,UNLIKE,2:37
8,A603,LIKE,6:58
4,A740,UNLIKE,14:32
11,A1006,UNLIKE,12:26
14,A323,NO COMMENT,10:19
6,A1009,NO COMMENT,8:21
1,A314,UNLIKE,21:37
15,A1011,LIKE,9:21
10,A268,UNLIKE,18:15
3,A1008,NO COMMENT,13:10
6,A577,LIKE,13:52
8,A439,UNLIKE,15:42
12,A792,NO COMMENT,20:26
9,A766,UNLIKE,6:30
3,A863,LIKE,18:11
9,A867,NO COMMENT,23:09
6,A111,NO COMMENT,10:57
15,A351,UNLIKE,5:07
4,A538,NO COMMENT,20:59
3,A722,LIKE,5:20
2,A378,NO COMMENT,12:29
5,A203,LIKE,8:03
9,A06,NO COMMENT,13:29
9,A283,LIKE,21:27
6,A84,UNLIKE,0:02
12,A462,UNLIKE,6:34
13,A475,NO COMMENT,2:38
6,A308,NO COMMENT,6:52
3,A286,LIKE,2:58
12,A223,LIKE,15:45
10,A475,NO COMMENT,11:26
4,A434,LIKE,21:01
6,A675,NO COMMENT,13:59
3,A16,NO COMMENT,21:33
6,A55,LIKE,18:37
2,A687,UNLIKE,7:48
15,A935,LIKE,5:47
3,A703,NO COMMENT,12:26
10,A926,NO COMMENT,8:10
11,A682,NO COMMENT,15:19
4,A519,LIKE,5:50
7,A839,LIKE,23:00
3,A978,UNLIKE,20:06
1,A755,UNLIKE,10:14
13,A258,LIKE,5:38
10,A626,LIKE,8:20
15,A107,UNLIKE,8:20
11,A254,LIKE,1:58
11,A318,UNLIKE,0:19
10,A987,LIKE,18:19
15,A896,UNLIKE,9:04
11,A428,LIKE,15:11
14,A260,UNLIKE,15:35
3,A262,UNLIKE,9:02
15,A571,UNLIKE,16:55
8,A501,LIKE,13:46
3,A96,NO COMMENT,22:11
4,A362,NO COMMENT,0:35
8,A470,NO COMMENT,19:19
1,A158,UNLIKE,18:32
12,A909,UNLIKE,23:32
4,A371,UNLIKE,9:22
7,A90,LIKE,6:27
4,A661,UNLIKE,0:17
10,A159,UNLIKE,16:49
1,A806,LIKE,18:44
3,A734,UNLIKE,10:21
12,A84,UNLIKE,8:37
6,A544,UNLIKE,4:58
3,A739,UNLIKE,2:36
10,A663,NO COMMENT,20:13
2,A39,UNLIKE,6:26
8,A680,LIKE,17:47
5,A836,UNLIKE,11:00
13,A474,NO COMMENT,4:26
7,A67,LIKE,9:14
15,A68,LIKE,2:31
11,A554,UNLIKE,11:49
13,A892,UNLIKE,16:33
5,A308,LIKE,14:26
11,A915,NO COMMENT,19:05
12,A244,UNLIKE,18:16
3,A277,LIKE,5:02
6,A1025,UNLIKE,5:05
8,A597,NO COMMENT,22:55
15,A27,NO COMMENT,23:46
2,A564,UNLIKE,22:54
5,A856,NO COMMENT,7:15
1,A475,LIKE,19:40
14,A275,LIKE,15:08
1,A889,UNLIKE,11:34
8,A275,NO COMMENT,22:05
1,A23,LIKE,13:37
7,A566,LIKE,10:35
8,A154,LIKE,15:48
8,A851,LIKE,22:21
14,A343,UNLIKE,21:29
15,A142,LIKE,20:04
1,A1016,LIKE,19:34
7,A115,NO COMMENT,17:11
4,A1010,NO COMMENT,1:40
13,A855,LIKE,8:07
15,A825,LIKE,23:27
7,A703,UNLIKE,5:12
11,A373,LIKE,21:55
3,A279,LIKE,2:03
14,A716,LIKE,2:02
4,A24,NO COMMENT,2:02
13,A939,UNLIKE,6:05
13,A168,UNLIKE,1:12
7,A242,LIKE,21:17
3,A171,NO COMMENT,7:10
7,A894,NO COMMENT,17:29
10,A243,UNLIKE,11:03
12,A371,UNLIKE,1:26
12,A892,LIKE,15:43
14,A713,NO COMMENT,16:12
13,A792,NO COMMENT,3:25
4,A464,LIKE,15:15
2,A395,NO COMMENT,3:01
4,A1049,LIKE,2:07
1,A883,NO COMMENT,18:04
7,A308,UNLIKE,17:38
4,A88,NO COMMENT,2:16
2,A1029,NO COMMENT,19:28
4,A974,LIKE,19:12
12,A23,LIKE,7:21
7,A960,UNLIKE,9:16
14,A78,NO COMMENT,2:57
2,A821,UNLIKE,22:36
13,A629,LIKE,17:45
2,A375,NO COMMENT,11:40
12,A211,LIKE,6:50
12,A1046,UNLIKE,15:46
7,A971,LIKE,0:27
7,A619,LIKE,16:50
1,A405,UNLIKE,1:51
2,A711,UNLIKE,7:31
15,A703,NO COMMENT,1:20
14,A256,LIKE,5:03
3,A317,NO COMMENT,8:36
13,A28,UNLIKE,10:17
6,A711,LIKE,12:07
13,A485,LIKE,2:56
3,A903,NO COMMENT,11:01
8,A399,UNLIKE,22:03
10,A262,NO COMMENT,4:16
7,A347,NO COMMENT,0:48
9,A178,NO COMMENT,20:44
13,A162,UNLIKE,22:16
4,A909,LIKE,15:09
11,A501,NO COMMENT,2:46
9,A1042,LIKE,20:10
5,A35,NO COMMENT,8:50
1,A221,UNLIKE,3:19
1,A626,UNLIKE,5:31
2,A81,NO COMMENT,4:18
10,A292,NO COMMENT,1:55
4,A175,NO COMMENT,9:13
13,A538,UNLIKE,4:14
9,A278,UNLIKE,22:28
7,A254,UNLIKE,1:22
8,A659,LIKE,18:51
12,A246,UNLIKE,7:35
5,A987,UNLIKE,4:08
14,A957,NO COMMENT,10:51
12,A751,NO COMMENT,9:58
11,A242,NO COMMENT,3:35
9,A312,UNLIKE,10:56
8,A498,LIKE,5:32
4,A347,NO COMMENT,21:17
8,A430,NO COMMENT,13:45
7,A416,NO COMMENT,22:53
15,A710,LIKE,10:12
10,A434,LIKE,19:39
5,A648,LIKE,3:40
10,A04,UNLIKE,4:53
1,A614,UNLIKE,7:33
4,A924,UNLIKE,20:03
13,A777,LIKE,8:12
3,A07,UNLIKE,23:24
5,A140,NO COMMENT,13:46
12,A734,LIKE,15:00
14,A539,LIKE,18:39
10,A168,UNLIKE,19:15
10,A141,LIKE,15:56
12,A407,NO COMMENT,11:18
14,A502,NO COMMENT,19:05
9,A855,UNLIKE,16:46
6,A766,NO COMMENT,8:56
4,A277,UNLIKE,3:36
1,A346,UNLIKE,22:25
12,A308,NO COMMENT,20:39
8,A472,LIKE,18:00
2,A1025,LIKE,22:24
14,A750,NO COMMENT,4:27
7,A775,LIKE,10:27
1,A790,NO COMMENT,20:10
6,A346,UNLIKE,17:21
1,A341,UNLIKE,15:21
3,A969,NO COMMENT,9:03
11,A45,NO COMMENT,21:18
15,A932,LIKE,0:06
15,A286,NO COMMENT,20:07
5,A705,LIKE,19:53
5,A256,LIKE,17:37
6,A292,UNLIKE,17:00
11,A365,NO COMMENT,17:24
6,A1008,NO COMMENT,17:09
13,A450,NO COMMENT,15:19
7,A786,NO COMMENT,9:16
3,A996,UNLIKE,0:38
6,A491,UNLIKE,7:23
13,A230,UNLIKE,9:44
12,A935,NO COMMENT,4:52
15,A114,NO COMMENT,2:39
7,A605,NO COMMENT,21:21
14,A27,UNLIKE,17:50
9,A973,NO COMMENT,14:14
9,A482,NO COMMENT,15:29
3,A252,UNLIKE,13:46
7,A714,UNLIKE,2:20
8,A953,LIKE,13:27
10,A939,LIKE,6:10
11,A329,LIKE,1:27
11,A922,UNLIKE,21:01
2,A213,UNLIKE,18:55
3,A527,NO COMMENT,12:27
8,A129,UNLIKE,19:43
10,A1006,NO COMMENT,20:35
7,A270,NO COMMENT,12:30
15,A343,LIKE,16:16
8,A518,UNLIKE,23:41
6,A1011,UNLIKE,3:38
11,A297,NO COMMENT,2:00
3,A792,UNLIKE,7:09
15,A839,UNLIKE,7:54
15,A81,NO COMMENT,14:45
14,A71,LIKE,2:29
2,A618,UNLIKE,11:48
6,A113,LIKE,6:40
14,A303,NO COMMENT,4:07
8,A216,LIKE,3:22
15,A294,LIKE,6:50
13,A505,UNLIKE,7:15
8,A839,NO COMMENT,13:56
3,A896,NO COMMENT,10:45
5,A91,UNLIKE,13:09
15,A154,UNLIKE,17:51
12,A257,UNLIKE,1:16
12,A849,UNLIKE,15:36
10,A773,UNLIKE,13:21
8,A57,NO COMMENT,17:16
2,A646,NO COMMENT,4:22
10,A399,LIKE,0:40
14,A849,LIKE,19:05
12,A798,UNLIKE,1:18
6,A944,NO COMMENT,4:04
14,A915,LIKE,23:10
13,A335,UNLIKE,1:05
7,A146,UNLIKE,5:15
10,A112,LIKE,6:28
11,A84,UNLIKE,19:18
2,A1011,NO COMMENT,6:40
7,A678,UNLIKE,1:40
9,A621,NO COMMENT,20:34
14,A891,NO COMMENT,2:13
11,A741,LIKE,15:01
14,A426,LIKE,13:28
14,A185,UNLIKE,21:16
1,A39,UNLIKE,4:59
1,A388,UNLIKE,2:23
7,A106,NO COMMENT,13:38
5,A985,LIKE,15:11
4,A100,NO COMMENT,21:50
5,A971,LIKE,17:44
3,A284,UNLIKE,5:17
14,A68,NO COMMENT,11:26
8,A284,NO COMMENT,20:13
9,A837,UNLIKE,3:47
10,A400,UNLIKE,23:20
15,A87,NO COMMENT,0:24
5,A252,UNLIKE,0:36
8,A756,LIKE,5:32
10,A12,LIKE,1:53
15,A35,NO COMMENT,19:26
5,A190,LIKE,12:54
12,A930,UNLIKE,13:32
14,A171,UNLIKE,4:47
9,A417,NO COMMENT,7:14
13,A249,UNLIKE,17:00
9,A507,LIKE,21:56
1,A215,LIKE,23:49
6,A469,LIKE,7:45
5,A487,UNLIKE,22:22
4,A191,NO COMMENT,7:45
2,A28,UNLIKE,4:46
14,A143,LIKE,10:42
10,A498,NO COMMENT,19:11
5,A116,LIKE,3:27
3,A499,LIKE,1:59
2,A1009,NO COMMENT,1:10
1,A734,NO COMMENT,19:17
9,A727,NO COMMENT,9:21
1,A978,LIKE,14:45
7,A143,NO COMMENT,20:25
9,A651,UNLIKE,11:39
9,A346,NO COMMENT,12:33
3,A146,NO COMMENT,11:20
11,A1046,UNLIKE,8:53
8,A268,UNLIKE,13:43
7,A475,UNLIKE,13:55
12,A635,NO COMMENT,6:46
15,A917,NO COMMENT,3:42
6,A106,NO COMMENT,2:25
15,A725,LIKE,14:29
14,A1039,LIKE,15:41
9,A470,UNLIKE,6:14
8,A1028,LIKE,20:43
12,A203,UNLIKE,15:33
13,A741,UNLIKE,5:59
13,A284,UNLIKE,9:08
14,A1029,UNLIKE,15:38
9,A42,NO COMMENT,10:26
10,A568,NO COMMENT,13:03
2,A346,UNLIKE,13:25
7,A1025,UNLIKE,16:21
11,A395,NO COMMENT,6:17
10,A24,NO COMMENT,3:18
8,A1029,NO COMMENT,22:05
8,A602,UNLIKE,18:34
10,A867,LIKE,3:52
6,A939,NO COMMENT,1:47
15,A1005,NO COMMENT,3:14
11,A891,NO COMMENT,8:42
15,A1046,LIKE,13:53
1,A148,LIKE,0:28
5,A154,UNLIKE,12:20
10,A226,UNLIKE,22:37
7,A57,UNLIKE,4:47
14,A521,NO COMMENT,20:13
5,A469,UNLIKE,16:30
2,A345,NO COMMENT,7:43
13,A68,UNLIKE,15:35
2,A708,NO COMMENT,8:38
9,A895,UNLIKE,18:10
3,A192,NO COMMENT,23:40
13,A432,LIKE,20:50
1,A450,LIKE,4:56
6,A393,NO COMMENT,3:35
2,A318,LIKE,21:58
3,A289,UNLIKE,23:01
3,A197,NO COMMENT,22:10
8,A33,NO COMMENT,3:02
14,A445,NO COMMENT,18:46
15,A219,LIKE,6:16
4,A1016,LIKE,9:32
6,A789,UNLIKE,11:17
7,A215,LIKE,0:58
1,A894,NO COMMENT,3:19
12,A275,UNLIKE,14:43
13,A944,UNLIKE,5:16
11,A79,UNLIKE,16:19
2,A714,UNLIKE,10:46
13,A146,LIKE,0:28
3,A714,NO COMMENT,15:01
12,A322,UNLIKE,3:03
3,A474,LIKE,11:36
12,A566,NO COMMENT,6:43
5,A879,UNLIKE,3:21
9,A63,NO COMMENT,23:38
1,A856,UNLIKE,4:52
7,A889,LIKE,8:17
15,A770,UNLIKE,7:42
8,A502,LIKE,23:54
8,A229,LIKE,0:56
3,A550,NO COMMENT,9:01
2,A260,UNLIKE,5:56
5,A889,UNLIKE,2:14
10,A973,NO COMMENT,12:32
15,A972,NO COMMENT,20:32
1,A76,NO COMMENT,1:14
4,A723,NO COMMENT,2:24
2,A930,NO COMMENT,12:17
5,A63,LIKE,19:33
10,A545,UNLIKE,16:09
8,A961,UNLIKE,1:54
1,A27,NO COMMENT,18:09
15,A902,NO COMMENT,14:26
5,A143,LIKE,2:45
14,A608,LIKE,21:06
13,A243,NO COMMENT,1:35
7,A514,NO COMMENT,4:01
11,A218,NO COMMENT,1:06
4,A566,NO COMMENT,10:55
12,A438,LIKE,21:53
6,A600,UNLIKE,15:39
3,A441,LIKE,19:15
14,A792,LIKE,21:29
1,A430,LIKE,12:06
3,A895,LIKE,3:02
9,A246,LIKE,7:40
4,A164,NO COMMENT,8:32
1,A1022,UNLIKE,11:33
3,A142,LIKE,1:15
14,A336,NO COMMENT,5:17
8,A810,UNLIKE,17:55
10,A175,NO COMMENT,0:41
7,A508,NO COMMENT,10:04
1,A534,NO COMMENT,5:43
13,A25,LIKE,1:17
15,A1029,UNLIKE,19:48
13,A623,LIKE,9:04
15,A682,NO COMMENT,20:49
13,A137,LIKE,19:11
6,A375,UNLIKE,7:30
9,A797,LIKE,22:57
1,A514,NO COMMENT,6:58
1,A146,NO COMMENT,10:38
7,A03,LIKE,4:19
5,A620,LIKE,18:46
7,A837,UNLIKE,3:44
11,A568,LIKE,12:16
2,A434,LIKE,18:50
7,A558,LIKE,18:52
4,A999,NO COMMENT,15:16
6,A197,NO COMMENT,12:46
13,A316,UNLIKE,19:20
1,A839,UNLIKE,0:55
14,A307,NO COMMENT,20:18
6,A811,LIKE,7:54
2,A448,UNLIKE,3:37
8,A301,LIKE,21:12
7,A926,NO COMMENT,17:51
14,A786,UNLIKE,9:10
6,A751,UNLIKE,17:56
1,A727,UNLIKE,5:59
2,A79,UNLIKE,6:26
13,A123,LIKE,1:27
8,A326,LIKE,3:11
11,A810,UNLIKE,22:46
9,A207,LIKE,9:48
11,A285,LIKE,8:53
4,A705,UNLIKE,3:25
4,A960,UNLIKE,14:59
12,A303,NO COMMENT,11:02
14,A175,LIKE,9:04
8,A920,UNLIKE,3:59
15,A397,UNLIKE,8:32
11,A505,NO COMMENT,0:25
9,A561,NO COMMENT,15:59
10,A396,UNLIKE,18:31
6,A850,UNLIKE,6:51
9,A322,LIKE,8:20
8,A884,NO COMMENT,1:10
14,A318,UNLIKE,17:49
4,A275,NO COMMENT,11:02
10,A848,UNLIKE,20:28
3,A879,NO COMMENT,18:14
5,A277,LIKE,12:32
13,A782,LIKE,14:03
10,A901,LIKE,1:18
15,A238,NO COMMENT,0:43
2,A358,NO COMMENT,21:42
13,A585,UNLIKE,3:03
9,A314,NO COMMENT,21:15
3,A114,LIKE,19:05
8,A469,UNLIKE,7:04
13,A326,NO COMMENT,22:11
13,A71,LIKE,3:57
14,A618,UNLIKE,4:30
9,A158,UNLIKE,21:54
13,A675,UNLIKE,20:59
8,A885,LIKE,12:48
12,A154,LIKE,16:00
,,,
,,,
,,,
,,,
,,,
,,,
,,,
,,,
,,,
,,,
,,,
,,,
,,,
,,,
,,,
,,,
,,,
,,,
,,,
,,,
,,,
,,,
,,,
,,,
,,,
,,,
,,,
,,,
,,,
,,,
,,,
,,,
,,,
,,,
,,,
,,,
,,,
,,,
,,,
,,,
,,,
,,,
,,,
,,,
,,,
,,,
,,,
,,,
,,,
,,,
,,,
,,,
,,,
,,,
,,,
,,,
,,,
,,,
,,,
,,,
,,,
,,,
,,,
,,,
,,,
,,,
,,,
,,,
,,,
,,,
,,,
,,,
,,,
,,,
,,,
,,,
,,,
,,,
,,,
,,,
,,,
,,,
,,,
,,,
,,,
,,,
,,,
,,,
,,,
,,,
,,,
,,,
,,,
,,,
,,,
,,,
,,,
,,,
,,,
,,,
,,,
,,,
,,,
,,,
,,,
,,,
,,,
,,,
,,,
,,,
,,,
,,,
,,,
,,,
,,,
,,,
,,,
,,,
,,,
,,,
,,,
,,,
,,,
,,,
,,,
,,,
,,,
,,,
,,,
,,,
,,,
,,,
,,,
,,,
,,,
,,,
,,,
,,,
,,,
,,,
,,,
,,,
,,,
,,,
,,,
,,,
,,,
,,,
,,,
,,,
,,,
,,,
,,,
,,,
,,,
,,,
,,,
,,,
,,,
,,,
,,,
,,,
,,,
,,,
,,,
,,,
,,,
,,,
,,,
,,,
,,,
,,,
,,,
,,,
,,,
,,,
,,,
,,,
,,,
,,,
,,,
,,,
,,,
,,,
,,,
,,,
,,,
,,,
,,,
,,,
,,,
,,,
,,,
,,,
,,,
,,,
,,,
,,,
,,,
,,,
,,,
,,,
,,,
,,,
,,,
,,,
,,,
,,,
,,,
,,,
,,,
,,,
,,,
,,,
,,,
,,,
,,,
,,,
,,,
,,,
,,,
,,,
,,,
,,,
,,,
,,,
,,,
,,,
,,,
,,,
,,,
,,,
,,,
,,,
,,,
,,,
,,,
,,,
,,,
,,,
,,,
,,,
,,,
,,,
,,,
,,,
,,,
,,,
,,,
,,,
,,,
,,,
,,,
,,,
,,,
,,,
,,,
,,,
,,,
,,,
,,,
,,,
,,,
,,,
,,,
,,,
,,,
,,,
,,,
,,,
,,,
,,,
,,,
,,,
,,,
,,,
,,,
,,,
,,,
,,,
,,,
,,,
,,,
,,,
,,,
,,,
,,,
,,,
,,,
,,,
,,,
,,,
,,,
,,,
,,,
,,,
,,,
,,,
,,,
,,,
,,,
,,,
,,,
,,,
,,,
,,,
,,,
,,,
,,,
,,,
,,,
,,,
,,,
,,,
,,,
,,,
,,,
,,,
,,,
,,,
,,,
,,,
,,,
,,,
,,,
,,,
,,,
,,,
,,,
,,,
,,,
,,,
,,,
,,,
,,,
,,,
,,,
,,,
,,,
,,,
,,,
,,,
,,,
,,,
,,,
,,,
,,,
,,,
,,,
,,,
,,,
,,,
,,,
,,,
,,,
,,,
,,,
,,,
,,,
,,,
,,,
,,,
,,,
,,,
,,,
,,,
,,,
,,,
,,,
,,,
,,,
,,,
,,,
,,,
,,,
,,,
,,,
,,,
,,,
,,,
,,,
,,,
,,,
,,,
,,,
,,,
,,,
,,,
,,,
,,,
,,,
,,,
,,,
,,,
,,,
,,,
,,,
,,,
,,,
,,,
,,,
,,,
,,,
,,,
,,,
,,,
,,,
,,,
,,,
,,,
,,,
,,,
,,,
,,,
,,,
,,,
,,,
,,,
,,,
,,,
,,,
,,,
,,,
,,,
,,,
,,,
,,,
,,,
,,,
,,,
,,,
,,,
,,,
,,,
,,,
,,,
,,,
,,,
,,,
,,,
,,,
,,,
,,,
,,,
,,,
,,,
,,,
,,,
,,,
,,,
,,,
,,,
,,,
,,,
,,,
,,,
,,,
,,,
,,,
,,,
,,,
,,,
,,,
,,,
,,,
,,,
,,,
,,,
,,,
,,,
,,,
,,,
,,,
,,,
,,,
,,,
,,,
,,,
,,,
,,,
,,,
,,,
,,,
,,,
,,,
,,,
,,,
,,,
,,,
,,,
,,,
,,,
,,,
,,,
,,,
,,,
,,,
,,,
,,,
,,,
,,,
,,,
,,,
,,,
,,,
,,,
,,,
,,,
,,,
,,,
,,,
,,,
,,,
,,,
,,,
,,,
,,,
,,,
,,,
,,,
,,,
,,,
,,,
,,,
,,,
,,,
,,,
,,,
,,,
,,,
,,,
,,,
,,,
,,,
,,,
,,,
,,,
,,,
,,,
,,,
,,,
,,,
,,,
,,,
,,,
,,,
,,,
,,,
,,,
,,,
,,,
,,,
,,,
,,,
,,,
,,,
,,,
,,,
,,,
,,,
,,,
,,,
,,,
,,,
,,,
,,,
,,,
,,,
,,,
,,,
,,,
,,,
,,,
,,,
,,,
,,,
,,,
,,,
,,,
,,,
,,,
,,,
,,,
,,,
,,,
,,,
,,,
,,,
,,,
,,,
,,,
,,,
,,,
,,,
,,,
,,,
,,,
,,,
,,,
,,,
,,,
,,,
,,,
,,,
,,,
,,,
,,,
,,,
,,,
,,,
,,,
,,,
,,,
,,,
,,,
,,,
,,,
,,,
,,,
,,,
,,,
,,,
,,,
,,,
,,,
,,,
,,,
,,,
,,,
,,,
,,,
,,,
,,,
,,,
,,,
,,,
,,,
,,,
,,,
,,,
,,,
,,,
,,,
,,,
,,,
,,,
,,,
,,,
,,,
,,,
,,,
,,,
,,,
,,,
,,,
,,,
,,,
,,,
,,,
,,,
,,,
,,,
,,,
,,,
,,,
,,,
,,,
,,,
,,,
,,,
,,,
,,,
,,,
,,,
,,,
,,,
,,,
,,,
,,,
,,,
,,,
,,,
,,,
,,,
,,,
,,,
,,,
,,,
,,,
,,,
,,,
,,,
,,,
,,,
,,,
,,,
,,,
,,,
,,,
,,,
,,,
,,,
,,,
,,,
,,,
,,,
,,,
,,,
,,,
,,,
,,,
,,,
,,,
,,,
,,,
,,,
,,,
,,,
,,,
,,,
,,,
,,,
,,,
,,,
,,,
,,,
,,,
,,,
,,,
,,,
,,,
,,,
,,,
,,,
,,,
,,,
,,,
,,,
,,,
,,,
,,,
,,,
,,,
,,,
,,,
,,,
,,,
,,,
,,,
,,,
,,,
,,,
,,,
,,,
,,,
,,,
,,,
,,,
,,,
,,,
,,,
,,,
,,,
,,,
,,,
,,,
,,,
,,,
,,,
,,,
,,,
,,,
,,,
,,,
,,,
,,,
,,,
,,,
,,,
,,,
,,,
,,,
,,,
,,,
,,,
,,,
,,,
,,,
,,,
,,,
,,,
,,,
,,,
,,,
,,,
,,,
,,,
,,,
,,,
,,,
,,,
,,,
,,,
,,,
,,,
,,,
,,,
,,,
,,,
,,,
,,,
,,,
,,,
,,,
,,,
,,,
,,,
,,,
,,,
,,,
,,,
,,,
,,,
,,,
,,,
,,,
,,,
,,,
,,,
,,,
,,,
,,,
,,,
,,,
,,,
,,,
,,,
,,,
,,,
,,,
,,,
,,,
,,,
,,,
,,,
,,,
,,,
,,,
,,,
,,,
,,,
,,,
,,,
,,,
,,,
,,,
,,,
,,,
,,,
,,,
,,,
,,,
,,,
,,,
,,,
,,,
,,,
,,,
,,,
,,,
,,,
,,,
,,,
,,,
,,,
,,,
,,,
,,,
,,,
,,,
,,,
,,,
,,,
,,,
,,,
,,,
,,,
,,,
,,,
,,,
,,,
,,,
,,,
,,,
,,,
,,,
,,,
,,,
,,,
,,,
,,,
,,,
,,,
,,,
,,,
,,,
,,,
,,,
,,,
,,,
,,,
,,,
,,,
,,,
,,,
,,,
,,,
,,,
,,,
,,,
,,,
,,,
,,,
,,,
,,,
,,,
,,,
,,,
,,,
,,,
,,,
,,,
,,,
,,,
,,,
,,,
,,,
,,,
,,,
,,,
,,,
,,,
,,,
,,,
,,,
,,,
,,,
,,,
,,,
,,,
,,,
,,,
,,,
,,,
,,,
,,,
,,,
,,,
,,,
,,,
,,,
,,,
,,,
,,,
,,,
,,,
,,,
,,,
,,,
,,,
,,,
,,,
,,,
,,,
,,,
,,,
,,,
,,,
,,,
,,,
,,,
,,,
,,,
,,,
,,,
,,,
,,,
,,,
